Defendant Agency Name,Jurisdiction,Court Jurisdiction,Defendant Agency File #,Control #,Payment ID #,Payment Sent Date,Principal Amount,Principal Citation Code,Principal Citation Code Description,Attorney Fees Amount,Attorney Fees Citation Code,Attorney Fees Citation Code Description,Cost Amount,Cost Citation Code,Cost Citation Code Description,Interest Amount,Interest Citation Code,Interest Citation Code Description,Payment Amount,Reimbursable
Customs and Border Protection,Administrative Tort,,ACC KML 24-00629,2025005519,260000948,2025-12-15,750,31-USC-3723,Small Claims Act,,,,,,,0,,,750,N
Homeland Security,Administrative Tort,,"MC-2020-02655, 02656",2025006273,260002021,2026-02-09,270000,28-USC-2672 Miscellany,Federal Tort Claims Act/Admin/Miscellany,,,,,,,0,,,270000,N
Customs and Border Protection,Administrative Tort,,ACC KML 25-00464,2025008338,260000804,2025-12-11,6002.01,28-USC-2672 Traffic,Federal Tort Claims Act/Admin/Traffic,,,,,,,0,,,6002.01,N
Customs and Border Protection,Administrative Tort,,ACC KML 25-00718,2025008341,260001913,2026-02-06,3528.66,28-USC-2672 Traffic,Federal Tort Claims Act/Admin/Traffic,,,,,,,0,,,3528.66,N
DHS - TSA  Trans. SEC. Admin.,Administrative Tort,,2025031192612,2025008864,260000152,2025-11-19,3241.06,28-USC-2672 Traffic,Federal Tort Claims Act/Admin/Traffic,,,,,,,0,,,3241.06,N
DHS - Immigration  & Customs Enforcement (ICE),Administrative Tort,,7A88BFF9,2025008866,260000061,2025-11-17,18843,28-USC-2672 Traffic,Federal Tort Claims Act/Admin/Traffic,,,,,,,0,,,18843,N
Customs and Border Protection,Administrative Tort,,NO-2024-00217,2025008938,260000082,2025-11-18,18295.5,28-USC-2672 Traffic,Federal Tort Claims Act/Admin/Traffic,,,,,,,0,,,18295.5,N
DHS - Federal Protection Service,Administrative Tort,,859-FPS-25,2025008952,260000098,2025-11-18,2969.55,28-USC-2672 Traffic,Federal Tort Claims Act/Admin/Traffic,,,,,,,0,,,2969.55,N
DHS - Immigration  & Customs Enforcement (ICE),Administrative Tort,,147B5E50,2025008970,260000190,2025-11-20,24393.6,28-USC-2672 Traffic,Federal Tort Claims Act/Admin/Traffic,,,,,,,0,,,24393.6,N
DHS - Federal Protection Service,Administrative Tort,,860-FPS-25,2026000006,260000217,2025-11-20,11775.33,28-USC-2672 Traffic,Federal Tort Claims Act/Admin/Traffic,,,,,,,0,,,11775.33,N
DHS - Federal Protection Service,Administrative Tort,,818-FPS-24,2026000010,260000258,2025-11-21,34500,28-USC-2672 Traffic,Federal Tort Claims Act/Admin/Traffic,,,,,,,0,,,34500,N
DHS - Federal Protection Service,Administrative Tort,,849-FPS-25,2026000008,260001023,2025-12-17,18445,28-USC-2672 Traffic,Federal Tort Claims Act/Admin/Traffic,,,,,,,0,,,18445,N
DHS - Immigration  & Customs Enforcement (ICE),Administrative Tort,,EF231DFA,2026000025,260000216,2025-11-20,22753.62,28-USC-2672 Traffic,Federal Tort Claims Act/Admin/Traffic,,,,,,,0,,,22753.62,N
DHS - Immigration  & Customs Enforcement (ICE),Administrative Tort,,59C9A86A,2026000044,260000254,2025-11-21,3395.26,28-USC-2672 Traffic,Federal Tort Claims Act/Admin/Traffic,,,,,,,0,,,3395.26,N
Coast Guard,Administrative Tort,,25-LC-0220,2026000046,260000426,2025-11-28,3612.71,28-USC-2672 Miscellany,Federal Tort Claims Act/Admin/Miscellany,,,,,,,0,,,3612.71,N
DHS - Immigration  & Customs Enforcement (ICE),Administrative Tort,,E8CB54B6,2026000051,260000253,2025-11-21,5128.8,28-USC-2672 Traffic,Federal Tort Claims Act/Admin/Traffic,,,,,,,0,,,5128.8,N
Coast Guard,Administrative Tort,,24-LC-0101,2026000058,260000303,2025-11-24,21739.7,28-USC-2672 Traffic,Federal Tort Claims Act/Admin/Traffic,,,,,,,0,,,21739.7,N
DHS - Immigration  & Customs Enforcement (ICE),Administrative Tort,,9D7D5E92,2026000062,260000219,2025-11-20,2797.73,28-USC-2672 Traffic,Federal Tort Claims Act/Admin/Traffic,,,,,,,0,,,2797.73,N
DHS - Immigration  & Customs Enforcement (ICE),Administrative Tort,,BAB656A7,2026000127,260000593,2025-12-05,11192.84,28-USC-2672 Traffic,Federal Tort Claims Act/Admin/Traffic,,,,,,,0,,,11192.84,N
DHS - Immigration  & Customs Enforcement (ICE),Administrative Tort,,BE978230,2026000168,260000424,2025-11-26,7808.46,28-USC-2672 Traffic,Federal Tort Claims Act/Admin/Traffic,,,,,,,0,,,7808.46,N
DHS - Immigration  & Customs Enforcement (ICE),Administrative Tort,,0A1D8731,2026000170,260000228,2025-11-21,3537.85,28-USC-2672 Traffic,Federal Tort Claims Act/Admin/Traffic,,,,,,,0,,,3537.85,N
DHS - Immigration  & Customs Enforcement (ICE),Administrative Tort,,B44765AD,2026000180,260000519,2025-12-03,10904.58,28-USC-2672 Traffic,Federal Tort Claims Act/Admin/Traffic,,,,,,,0,,,10904.58,N
DHS - TSA  Trans. SEC. Admin.,Administrative Tort,,2023070381714,2026000235,260006738,2026-07-31,9750,28-USC-2672 Miscellany,Federal Tort Claims Act/Admin/Miscellany,,,,,,,0,,,9750,N
Secret Service at Homeland Security,Administrative Tort,,109-809-82496,2026000345,260000474,2025-12-02,5221.28,28-USC-2672 Traffic,Federal Tort Claims Act/Admin/Traffic,,,,,,,0,,,5221.28,N
Customs and Border Protection,Administrative Tort,,MC-2025-01127,2026000354,260000698,2025-12-09,50000,28-USC-2672 Traffic,Federal Tort Claims Act/Admin/Traffic,,,,,,,0,,,50000,N
Customs and Border Protection,Administrative Tort,,MI-2024-00538,2026000369,260000815,2025-12-11,8356.5,28-USC-2672 Traffic,Federal Tort Claims Act/Admin/Traffic,,,,,,,0,,,8356.5,N
Customs and Border Protection,Administrative Tort,,ACC KML 25-00736,2026000350,260000699,2025-12-09,4459.1,28-USC-2672 Traffic,Federal Tort Claims Act/Admin/Traffic,,,,,,,0,,,4459.1,N
Customs and Border Protection,Administrative Tort,,ACC KML 24-01517,2026000356,260000977,2025-12-16,6231.91,28-USC-2672 Traffic,Federal Tort Claims Act/Admin/Traffic,,,,,,,0,,,6231.91,N
Customs and Border Protection,Administrative Tort,,ACC KML 25-01221,2026000366,260000667,2025-12-08,770.17,31-USC-3723,Small Claims Act,,,,,,,0,,,770.17,N
Customs and Border Protection,Administrative Tort,,TU:25-00440:CJL,2026000362,260000661,2025-12-08,10236.53,28-USC-2672 Traffic,Federal Tort Claims Act/Admin/Traffic,,,,,,,0,,,10236.53,N
Customs and Border Protection,Administrative Tort,,ACC KML 25-01271,2026000374,260000642,2025-12-08,3509.93,28-USC-2672 Traffic,Federal Tort Claims Act/Admin/Traffic,,,,,,,0,,,3509.93,N
Customs and Border Protection,Administrative Tort,,ACC KML 25-01106,2026000357,260000697,2025-12-09,4240.98,28-USC-2672 Traffic,Federal Tort Claims Act/Admin/Traffic,,,,,,,0,,,4240.98,N
Customs and Border Protection,Administrative Tort,,ACC KML 25-00605,2026000367,260000562,2025-12-04,887.65,31-USC-3723,Small Claims Act,,,,,,,0,,,887.65,N
Customs and Border Protection,Administrative Tort,,ACC KML 25-01610,2026000375,260000643,2025-12-08,3785.72,28-USC-2672 Traffic,Federal Tort Claims Act/Admin/Traffic,,,,,,,0,,,3785.72,N
Customs and Border Protection,Administrative Tort,,ACC KML 25-01107,2026000379,260000508,2025-12-03,4133.23,28-USC-2672 Traffic,Federal Tort Claims Act/Admin/Traffic,,,,,,,0,,,4133.23,N
Customs and Border Protection,Administrative Tort,,ACC KML 25-01096,2026000377,260000594,2025-12-05,1000,31-USC-3723,Small Claims Act,,,,,,,0,,,1000,N
Customs and Border Protection,Administrative Tort,,ACC KML 25-00687,2026000376,260000568,2025-12-04,1000,31-USC-3723,Small Claims Act,,,,,,,0,,,1000,N
Customs and Border Protection,Administrative Tort,,ACC KML 25-00909,2026000373,260000603,2025-12-05,3786.26,28-USC-2672 Traffic,Federal Tort Claims Act/Admin/Traffic,,,,,,,0,,,3786.26,N
Customs and Border Protection,Administrative Tort,,ACC KML 25-00725,2026000371,260000509,2025-12-03,680.53,31-USC-3723,Small Claims Act,,,,,,,0,,,680.53,N
Customs and Border Protection,Administrative Tort,,ACC KML 25-00087,2026000381,260000523,2025-12-03,311.99,31-USC-3723,Small Claims Act,,,,,,,0,,,311.99,N
Customs and Border Protection,Administrative Tort,,MI-2024-00538,2026000438,260000836,2025-12-12,8271.5,28-USC-2672 Traffic,Federal Tort Claims Act/Admin/Traffic,,,,,,,0,,,8271.5,N
Coast Guard,Administrative Tort,,24-LC-0075,2026000432,260000558,2025-12-04,16370,28-USC-2672 Traffic,Federal Tort Claims Act/Admin/Traffic,,,,,,,0,,,16370,N
DHS - Immigration  & Customs Enforcement (ICE),Administrative Tort,,BA2C33C2,2026000475,260000645,2025-12-08,10203.87,28-USC-2672 Traffic,Federal Tort Claims Act/Admin/Traffic,,,,,,,0,,,10203.87,N
DHS - Immigration  & Customs Enforcement (ICE),Administrative Tort,,279B16E3,2026000478,260000574,2025-12-04,10027.14,28-USC-2672 Traffic,Federal Tort Claims Act/Admin/Traffic,,,,,,,0,,,10027.14,N
DHS - Immigration  & Customs Enforcement (ICE),Administrative Tort,,95FEEC1E,2026000479,260000604,2025-12-05,2689.21,28-USC-2672 Traffic,Federal Tort Claims Act/Admin/Traffic,,,,,,,0,,,2689.21,N
DHS - Immigration  & Customs Enforcement (ICE),Administrative Tort,,EDD35C33,2026000483,260000648,2025-12-08,8745.9,28-USC-2672 Traffic,Federal Tort Claims Act/Admin/Traffic,,,,,,,0,,,8745.9,N
DHS - Immigration  & Customs Enforcement (ICE),Administrative Tort,,DD08C01D,2026000485,260000687,2025-12-09,3961.56,28-USC-2672 Traffic,Federal Tort Claims Act/Admin/Traffic,,,,,,,0,,,3961.56,N
DHS - Immigration  & Customs Enforcement (ICE),Administrative Tort,,D428B855,2026000505,260000794,2025-12-11,7257.36,28-USC-2672 Traffic,Federal Tort Claims Act/Admin/Traffic,,,,,,,0,,,7257.36,N
Coast Guard,Administrative Tort,,25-LC-0293,2026000514,260000939,2025-12-15,13565.69,28-USC-2672 Traffic,Federal Tort Claims Act/Admin/Traffic,,,,,,,0,,,13565.69,N
DHS - Immigration  & Customs Enforcement (ICE),Administrative Tort,,596A496E,2026000517,260000712,2025-12-09,6934.27,28-USC-2672 Traffic,Federal Tort Claims Act/Admin/Traffic,,,,,,,0,,,6934.27,N
DHS - Immigration  & Customs Enforcement (ICE),Administrative Tort,,86A83F66,2026000519,260000678,2025-12-09,12221.79,28-USC-2672 Traffic,Federal Tort Claims Act/Admin/Traffic,,,,,,,0,,,12221.79,N
DHS - Immigration  & Customs Enforcement (ICE),Administrative Tort,,5CB02DA2,2026000523,260000734,2025-12-09,2525.26,28-USC-2672 Traffic,Federal Tort Claims Act/Admin/Traffic,,,,,,,0,,,2525.26,N
DHS - Immigration  & Customs Enforcement (ICE),Administrative Tort,,1393B040,2026000538,260001018,2025-12-17,25000,28-USC-2672 Traffic,Federal Tort Claims Act/Admin/Traffic,,,,,,,0,,,25000,N
DHS - Immigration  & Customs Enforcement (ICE),Administrative Tort,,39AA0596,2026000548,260000799,2025-12-11,8707.1,28-USC-2672 Traffic,Federal Tort Claims Act/Admin/Traffic,,,,,,,0,,,8707.1,N
Federal Emergency Management Agency,Administrative Tort,,2024-7419,2026000562,260000758,2025-12-10,5232,28-USC-2672 Traffic,Federal Tort Claims Act/Admin/Traffic,,,,,,,0,,,5232,N
DHS - Immigration  & Customs Enforcement (ICE),Administrative Tort,,DF5C2C93,2026000567,260000795,2025-12-11,3466.47,28-USC-2672 Traffic,Federal Tort Claims Act/Admin/Traffic,,,,,,,0,,,3466.47,N
Secret Service at Homeland Security,Administrative Tort,,115-810-000322,2026000621,260000791,2025-12-11,6367.4,28-USC-2672 Traffic,Federal Tort Claims Act/Admin/Traffic,,,,,,,0,,,6367.4,N
DHS - Immigration  & Customs Enforcement (ICE),Administrative Tort,,CE461D7F,2026000679,260000878,2025-12-12,5093.68,28-USC-2672 Traffic,Federal Tort Claims Act/Admin/Traffic,,,,,,,0,,,5093.68,N
DHS - Immigration  & Customs Enforcement (ICE),Administrative Tort,,10CDF535,2026000683,260000906,2025-12-12,3886.62,28-USC-2672 Traffic,Federal Tort Claims Act/Admin/Traffic,,,,,,,0,,,3886.62,N
DHS - Immigration  & Customs Enforcement (ICE),Administrative Tort,,BB463E6F,2026000701,260000800,2025-12-11,5161,28-USC-2672 Traffic,Federal Tort Claims Act/Admin/Traffic,,,,,,,0,,,5161,N
DHS - Immigration  & Customs Enforcement (ICE),Administrative Tort,,F15CBD31,2026000710,260000882,2025-12-12,4104.37,28-USC-2672 Traffic,Federal Tort Claims Act/Admin/Traffic,,,,,,,0,,,4104.37,N
Coast Guard,Administrative Tort,,25-LC-0217,2026000712,260000958,2025-12-15,39808.95,28-USC-2672 Traffic,Federal Tort Claims Act/Admin/Traffic,,,,,,,0,,,39808.95,N
DHS - Immigration  & Customs Enforcement (ICE),Administrative Tort,,6AF3DD52,2026000716,260000979,2025-12-16,3364.14,28-USC-2672 Traffic,Federal Tort Claims Act/Admin/Traffic,,,,,,,0,,,3364.14,N
DHS - Immigration  & Customs Enforcement (ICE),Administrative Tort,,00616FE0,2026000722,260000959,2025-12-15,12318.1,28-USC-2672 Traffic,Federal Tort Claims Act/Admin/Traffic,,,,,,,0,,,12318.1,N
DHS - TSA  Trans. SEC. Admin.,Administrative Tort,,2024081589142,2026000727,260001716,2026-01-22,3700,28-USC-2672 Miscellany,Federal Tort Claims Act/Admin/Miscellany,,,,,,,0,,,3700,N
Homeland Security,Administrative Tort,,"MC-2020-01723, 01724",2026000763,260000987,2025-12-16,270000,28-USC-2672 Miscellany,Federal Tort Claims Act/Admin/Miscellany,,,,,,,0,,,270000,N
Customs and Border Protection,Administrative Tort,,ACC KML 24-00046,2026000766,260006689,2026-07-30,956.26,31-USC-3723,Small Claims Act,,,,,,,0,,,956.26,N
Customs and Border Protection,Administrative Tort,,ACC KML 25-00255,2026000788,260001205,2025-12-24,3021.91,28-USC-2672 Traffic,Federal Tort Claims Act/Admin/Traffic,,,,,,,0,,,3021.91,N
Customs and Border Protection,Administrative Tort,,ACC KML 25-00643,2026000789,260001195,2025-12-23,87.76,31-USC-3723,Small Claims Act,,,,,,,0,,,87.76,N
Customs and Border Protection,Administrative Tort,,SD-2023-01283 LST,2026000793,260001373,2026-01-07,6407.13,28-USC-2672 Miscellany,Federal Tort Claims Act/Admin/Miscellany,,,,,,,0,,,6407.13,N
Secret Service at Homeland Security,Administrative Tort,,115-810-000118,2026000959,260001467,2026-01-12,3882.75,28-USC-2672 Traffic,Federal Tort Claims Act/Admin/Traffic,,,,,,,0,,,3882.75,N
Customs and Border Protection,Administrative Tort,,SD-2025-00860,2026000966,260001392,2026-01-08,11665.57,28-USC-2672 Traffic,Federal Tort Claims Act/Admin/Traffic,,,,,,,0,,,11665.57,N
DHS - TSA  Trans. SEC. Admin.,Administrative Tort,,2023042480476,2026000982,260001309,2026-01-05,175000,28-USC-2672 Prop-Maint,Federal Tort Claims Act/Admin/Prop-Maint,,,,,,,0,,,175000,N
Customs and Border Protection,Administrative Tort,,LR-2025-00161,2026000988,260001233,2025-12-30,25000,28-USC-2672 Traffic,Federal Tort Claims Act/Admin/Traffic,,,,,,,0,,,25000,N
Customs and Border Protection,Administrative Tort,,ACC KML 25-01219,2026000995,260001235,2025-12-30,1000,31-USC-3723,Small Claims Act,,,,,,,0,,,1000,N
Customs and Border Protection,Administrative Tort,,ACC KML 25-00776,2026000991,260001206,2025-12-24,5287.13,28-USC-2672 Traffic,Federal Tort Claims Act/Admin/Traffic,,,,,,,0,,,5287.13,N
Secret Service at Homeland Security,Administrative Tort,,115-810-000418,2026001010,260001207,2025-12-24,9738.34,28-USC-2672 Traffic,Federal Tort Claims Act/Admin/Traffic,,,,,,,0,,,9738.34,N
Secret Service at Homeland Security,Administrative Tort,,115-810-95362,2026001029,260001261,2025-12-31,6683.85,28-USC-2672 Traffic,Federal Tort Claims Act/Admin/Traffic,,,,,,,0,,,6683.85,N
Homeland Security,Administrative Tort,,"MC-2020-01723, 01724",2026001040,260001268,2026-01-02,260000,28-USC-2672 Miscellany,Federal Tort Claims Act/Admin/Miscellany,,,,,,,0,,,260000,N
Homeland Security,Administrative Tort,,"MC-2020-02401, 02402",2026001061,260001321,2026-01-05,260000,28-USC-2672 Miscellany,Federal Tort Claims Act/Admin/Miscellany,,,,,,,0,,,260000,N
Homeland Security,Administrative Tort,,"EP-2020-00556, 00557-00560",2026001064,260002809,2026-03-16,280000,28-USC-2672 Miscellany,Federal Tort Claims Act/Admin/Miscellany,,,,,,,0,,,280000,N
Homeland Security,Administrative Tort,,"EP-2020-00556, 00557-00560",2026001064,260002810,2026-03-16,70000,28-USC-2672 Miscellany,Federal Tort Claims Act/Admin/Miscellany,,,,,,,0,,,70000,N
Homeland Security,Administrative Tort,,"MC-2020-01863, 01864",2026001070,260001396,2026-01-09,280000,28-USC-2672 Miscellany,Federal Tort Claims Act/Admin/Miscellany,,,,,,,0,,,280000,N
Homeland Security,Administrative Tort,,"MC-2020-01863, 01864",2026001065,260001313,2026-01-05,280000,28-USC-2672 Miscellany,Federal Tort Claims Act/Admin/Miscellany,,,,,,,0,,,280000,N
Homeland Security,Administrative Tort,,"MC-2020-02059, 02060",2026001068,260001383,2026-01-08,250000,28-USC-2672 Miscellany,Federal Tort Claims Act/Admin/Miscellany,,,,,,,0,,,250000,N
Homeland Security,Administrative Tort,,"MC-2020-0244, 02445",2026001074,260001314,2026-01-05,250000,28-USC-2672 Miscellany,Federal Tort Claims Act/Admin/Miscellany,,,,,,,0,,,250000,N
Coast Guard,Administrative Tort,,24-LC-0054,2026001249,260001493,2026-01-13,5599.36,28-USC-2672 Traffic,Federal Tort Claims Act/Admin/Traffic,,,,,,,0,,,5599.36,N
Coast Guard,Administrative Tort,,26-LC-0059,2026001352,260001577,2026-01-15,3073.18,28-USC-2672 Traffic,Federal Tort Claims Act/Admin/Traffic,,,,,,,0,,,3073.18,N
DHS - Immigration  & Customs Enforcement (ICE),Administrative Tort,,769CD32B,2026001378,260001690,2026-01-21,3275.2,28-USC-2672 Traffic,Federal Tort Claims Act/Admin/Traffic,,,,,,,0,,,3275.2,N
Federal Emergency Management Agency,Administrative Tort,,2025-8004,2026001405,260001625,2026-01-16,2900,28-USC-2672 Traffic,Federal Tort Claims Act/Admin/Traffic,,,,,,,0,,,2900,N
Coast Guard,Administrative Tort,,25-LC-0273,2026001442,260001695,2026-01-21,4699.29,28-USC-2672 Traffic,Federal Tort Claims Act/Admin/Traffic,,,,,,,0,,,4699.29,N
DHS - Immigration  & Customs Enforcement (ICE),Administrative Tort,,C2FB52F0,2026001492,260001743,2026-01-26,5811.79,28-USC-2672 Traffic,Federal Tort Claims Act/Admin/Traffic,,,,,,,0,,,5811.79,N
Secret Service at Homeland Security,Administrative Tort,,115-810-95375,2026001490,260001744,2026-01-26,8272.08,28-USC-2672 Traffic,Federal Tort Claims Act/Admin/Traffic,,,,,,,0,,,8272.08,N
Secret Service at Homeland Security,Administrative Tort,,115-810-95375,2026001490,260001745,2026-01-26,250,28-USC-2672 Traffic,Federal Tort Claims Act/Admin/Traffic,,,,,,,0,,,250,N
Secret Service at Homeland Security,Administrative Tort,,332-809-000543,2026001488,260001729,2026-01-23,10818.22,28-USC-2672 Traffic,Federal Tort Claims Act/Admin/Traffic,,,,,,,0,,,10818.22,N
Customs and Border Protection,Administrative Tort,,SF-2025-00200,2026001502,260001758,2026-01-27,30561.93,28-USC-2672 Traffic,Federal Tort Claims Act/Admin/Traffic,,,,,,,0,,,30561.93,N
Homeland Security,Administrative Tort,,"EP-2020-00872, 00873",2026001504,260003611,2026-04-16,240000,28-USC-2672 Miscellany,Federal Tort Claims Act/Admin/Miscellany,,,,,,,0,,,240000,N
Customs and Border Protection,Administrative Tort,,MC-2025-00991,2026001525,260001785,2026-01-27,39972.09,28-USC-2672 Traffic,Federal Tort Claims Act/Admin/Traffic,,,,,,,0,,,39972.09,N
Coast Guard,Administrative Tort,,24-LC-0190,2026001526,260001763,2026-01-27,4054.39,28-USC-2672 Traffic,Federal Tort Claims Act/Admin/Traffic,,,,,,,0,,,4054.39,N
Customs and Border Protection,Administrative Tort,,BF-2025-00498,2026001573,260001819,2026-01-28,16810.22,28-USC-2672 Traffic,Federal Tort Claims Act/Admin/Traffic,,,,,,,0,,,16810.22,N
DHS - Immigration  & Customs Enforcement (ICE),Administrative Tort,,DD6849D0,2026001617,260001843,2026-01-29,2821.75,28-USC-2672 Traffic,Federal Tort Claims Act/Admin/Traffic,,,,,,,0,,,2821.75,N
Customs and Border Protection,Administrative Tort,,ACC KML 25-01724,2026001666,260001898,2026-02-06,831.88,31-USC-3723,Small Claims Act,,,,,,,0,,,831.88,N
Customs and Border Protection,Administrative Tort,,SD-2023-01563 KLS,2026001674,260001899,2026-02-06,3331.76,28-USC-2672 Traffic,Federal Tort Claims Act/Admin/Traffic,,,,,,,0,,,3331.76,N
Customs and Border Protection,Administrative Tort,,ACC KML 25-01731,2026001664,260001919,2026-02-06,346.47,31-USC-3723,Small Claims Act,,,,,,,0,,,346.47,N
Customs and Border Protection,Administrative Tort,,ACC SCE 25-00284,2026001688,260002060,2026-02-10,6168.49,28-USC-2672 Traffic,Federal Tort Claims Act/Admin/Traffic,,,,,,,0,,,6168.49,N
Customs and Border Protection,Administrative Tort,,ACC KML 24-01197,2026001687,260004087,2026-04-30,3495.46,28-USC-2672 Traffic,Federal Tort Claims Act/Admin/Traffic,,,,,,,0,,,3495.46,N
Coast Guard,Administrative Tort,,25-LC-0111,2026001760,260002052,2026-02-10,8253.31,28-USC-2672 Traffic,Federal Tort Claims Act/Admin/Traffic,,,,,,,0,,,8253.31,N
Customs and Border Protection,Administrative Tort,,ACC KML 24-02104,2026001761,260002072,2026-02-12,397.46,31-USC-3723,Small Claims Act,,,,,,,0,,,397.46,N
Customs and Border Protection,Administrative Tort,,ACC KML 25-01748,2026001773,260002071,2026-02-11,4057.87,28-USC-2672 Traffic,Federal Tort Claims Act/Admin/Traffic,,,,,,,0,,,4057.87,N
Customs and Border Protection,Administrative Tort,,SD-2023-01962 BPO,2026001780,260002137,2026-02-13,11311,28-USC-2672 Traffic,Federal Tort Claims Act/Admin/Traffic,,,,,,,0,,,11311,N
Customs and Border Protection,Administrative Tort,,ACC KML 25-01733,2026001774,260002074,2026-02-11,1000,31-USC-3723,Small Claims Act,,,,,,,0,,,1000,N
Customs and Border Protection,Administrative Tort,,ACC KML 25-01379,2026001777,260002105,2026-02-12,5949.51,28-USC-2672 Traffic,Federal Tort Claims Act/Admin/Traffic,,,,,,,0,,,5949.51,N
Customs and Border Protection,Administrative Tort,,ACC KML 25-01135,2026001776,260002079,2026-02-11,5391.13,28-USC-2672 Traffic,Federal Tort Claims Act/Admin/Traffic,,,,,,,0,,,5391.13,N
DHS - Immigration  & Customs Enforcement (ICE),Administrative Tort,,1353AC9F,2026001826,260002094,2026-02-12,6796.86,28-USC-2672 Traffic,Federal Tort Claims Act/Admin/Traffic,,,,,,,0,,,6796.86,N
DHS - Immigration  & Customs Enforcement (ICE),Administrative Tort,,1E80E8D3,2026001837,260002120,2026-02-12,3603.64,28-USC-2672 Traffic,Federal Tort Claims Act/Admin/Traffic,,,,,,,0,,,3603.64,N
DHS - TSA  Trans. SEC. Admin.,Administrative Tort,,2024062088011,2026001852,260003657,2026-04-17,4782.5,28-USC-2672 Miscellany,Federal Tort Claims Act/Admin/Miscellany,,,,,,,0,,,4782.5,N
Coast Guard,Administrative Tort,,25-LC-0266,2026001865,260002159,2026-02-13,3387.06,28-USC-2672 Traffic,Federal Tort Claims Act/Admin/Traffic,,,,,,,0,,,3387.06,N
Coast Guard,Administrative Tort,,24-LC-0139,2026001882,260002142,2026-02-13,9914.35,28-USC-2672 Traffic,Federal Tort Claims Act/Admin/Traffic,,,,,,,0,,,9914.35,N
Secret Service at Homeland Security,Administrative Tort,,310-810-27805,2026001916,260002256,2026-02-19,500,28-USC-2672 Traffic,Federal Tort Claims Act/Admin/Traffic,,,,,,,0,,,500,N
Secret Service at Homeland Security,Administrative Tort,,310-810-27805,2026001916,260002257,2026-02-19,17169.52,28-USC-2672 Traffic,Federal Tort Claims Act/Admin/Traffic,,,,,,,0,,,17169.52,N
Coast Guard,Administrative Tort,,26-LC-0043,2026001934,260002217,2026-02-18,3206.67,28-USC-2672 Traffic,Federal Tort Claims Act/Admin/Traffic,,,,,,,0,,,3206.67,N
Secret Service at Homeland Security,Administrative Tort,,115-810-95170,2026001979,260002259,2026-02-19,20737.28,28-USC-2672 Traffic,Federal Tort Claims Act/Admin/Traffic,,,,,,,0,,,20737.28,N
Federal Emergency Management Agency,Administrative Tort,,2024-6918,2026002019,260002316,2026-02-20,40272.5,28-USC-2672 Traffic,Federal Tort Claims Act/Admin/Traffic,,,,,,,0,,,40272.5,N
Federal Emergency Management Agency,Administrative Tort,,2025-8301,2026002072,260002364,2026-02-24,13000,28-USC-2672 Traffic,Federal Tort Claims Act/Admin/Traffic,,,,,,,0,,,13000,N
Federal Emergency Management Agency,Administrative Tort,,2025-8301(b),2026002097,260002773,2026-03-13,20000,28-USC-2672 Traffic,Federal Tort Claims Act/Admin/Traffic,,,,,,,0,,,20000,N
Customs and Border Protection,Administrative Tort,,MC-2025-00772,2026002139,260002473,2026-03-02,50000,28-USC-2672 Traffic,Federal Tort Claims Act/Admin/Traffic,,,,,,,0,,,50000,N
Customs and Border Protection,Administrative Tort,,ACC KML 25-00789,2026002157,260002486,2026-03-02,3029,28-USC-2672 Traffic,Federal Tort Claims Act/Admin/Traffic,,,,,,,0,,,3029,N
Customs and Border Protection,Administrative Tort,,TU-2025-01457:JVW/LBL,2026002155,260002500,2026-03-03,10412.04,28-USC-2672 Traffic,Federal Tort Claims Act/Admin/Traffic,,,,,,,0,,,10412.04,N
Customs and Border Protection,Administrative Tort,,ACC KML 25-00949,2026002207,260002567,2026-03-05,3977.5,28-USC-2672 Traffic,Federal Tort Claims Act/Admin/Traffic,,,,,,,0,,,3977.5,N
Customs and Border Protection,Administrative Tort,,ACC KML 24-01662,2026002209,260002514,2026-03-03,3966.47,28-USC-2672 Traffic,Federal Tort Claims Act/Admin/Traffic,,,,,,,0,,,3966.47,N
Customs and Border Protection,Administrative Tort,,ACC KML 25-01819,2026002210,260002494,2026-03-03,480,31-USC-3723,Small Claims Act,,,,,,,0,,,480,N
Customs and Border Protection,Administrative Tort,,ACC KML 25-01851,2026002224,260002516,2026-03-03,3846.62,28-USC-2672 Traffic,Federal Tort Claims Act/Admin/Traffic,,,,,,,0,,,3846.62,N
Customs and Border Protection,Administrative Tort,,ACC KML 25-02744,2026002227,260005725,2026-06-29,3102.18,28-USC-2672 Traffic,Federal Tort Claims Act/Admin/Traffic,,,,,,,0,,,3102.18,N
Coast Guard,Administrative Tort,,24-LC-0227,2026002330,260002622,2026-03-09,15078.65,28-USC-2672 Traffic,Federal Tort Claims Act/Admin/Traffic,,,,,,,0,,,15078.65,N
Coast Guard,Administrative Tort,,26-LC-0024,2026002341,260002887,2026-03-18,12277.76,28-USC-2672 Miscellany,Federal Tort Claims Act/Admin/Miscellany,,,,,,,0,,,12277.76,N
Customs and Border Protection,Administrative Tort,,MC-2025-03918,2026002348,260002682,2026-03-11,50000,28-USC-2672 Traffic,Federal Tort Claims Act/Admin/Traffic,,,,,,,0,,,50000,N
Customs and Border Protection,Administrative Tort,,BF-2025-00130,2026002349,260002631,2026-03-09,13467.27,28-USC-2672 Traffic,Federal Tort Claims Act/Admin/Traffic,,,,,,,0,,,13467.27,N
Coast Guard,Administrative Tort,,26-LC-0058,2026002415,260002756,2026-03-12,9584.62,28-USC-2672 Traffic,Federal Tort Claims Act/Admin/Traffic,,,,,,,0,,,9584.62,N
DHS - Immigration  & Customs Enforcement (ICE),Administrative Tort,,C09CC396,2026002472,260002999,2026-03-24,8806.55,28-USC-2672 Traffic,Federal Tort Claims Act/Admin/Traffic,,,,,,,0,,,8806.55,N
DHS - Immigration  & Customs Enforcement (ICE),Administrative Tort,,D01DBFD7,2026002559,260002935,2026-03-20,6123.09,28-USC-2672 Traffic,Federal Tort Claims Act/Admin/Traffic,,,,,,,0,,,6123.09,N
DHS - Immigration  & Customs Enforcement (ICE),Administrative Tort,,EB450456,2026002583,260003065,2026-03-26,3588.06,28-USC-2672 Traffic,Federal Tort Claims Act/Admin/Traffic,,,,,,,0,,,3588.06,N
DHS - Immigration  & Customs Enforcement (ICE),Administrative Tort,,31B2575A,2026002577,260002908,2026-03-19,5158.01,28-USC-2672 Traffic,Federal Tort Claims Act/Admin/Traffic,,,,,,,0,,,5158.01,N
DHS - Immigration  & Customs Enforcement (ICE),Administrative Tort,,C3B11E18,2026002591,260002900,2026-03-19,2863.61,28-USC-2672 Traffic,Federal Tort Claims Act/Admin/Traffic,,,,,,,0,,,2863.61,N
DHS - Immigration  & Customs Enforcement (ICE),Administrative Tort,,640C5C3E,2026002763,260003045,2026-03-25,25000,28-USC-2672 Traffic,Federal Tort Claims Act/Admin/Traffic,,,,,,,0,,,25000,N
DHS - Immigration  & Customs Enforcement (ICE),Administrative Tort,,B9F75A5B,2026002766,260003804,2026-04-22,6081.41,28-USC-2672 Traffic,Federal Tort Claims Act/Admin/Traffic,,,,,,,0,,,6081.41,N
DHS - Immigration  & Customs Enforcement (ICE),Administrative Tort,,36977B21,2026002777,260003114,2026-03-27,4800.7,28-USC-2672 Traffic,Federal Tort Claims Act/Admin/Traffic,,,,,,,0,,,4800.7,N
Coast Guard,Administrative Tort,,24-LC-0238,2026002806,260003435,2026-04-08,4271.39,28-USC-2672 Traffic,Federal Tort Claims Act/Admin/Traffic,,,,,,,0,,,4271.39,N
Coast Guard,Administrative Tort,,24-LC-0244,2026002818,260003133,2026-03-30,21327.14,28-USC-2672 Traffic,Federal Tort Claims Act/Admin/Traffic,,,,,,,0,,,21327.14,N
Coast Guard,Administrative Tort,,24-LC-0164,2026002817,260003098,2026-03-27,18838,28-USC-2672 Traffic,Federal Tort Claims Act/Admin/Traffic,,,,,,,0,,,18838,N
Coast Guard,Administrative Tort,,26-LC-0091,2026002908,260003290,2026-04-02,5243.11,28-USC-2672 Traffic,Federal Tort Claims Act/Admin/Traffic,,,,,,,0,,,5243.11,N
Coast Guard,Administrative Tort,,26-LC-0099,2026002960,260003276,2026-04-02,4377.04,28-USC-2672 Traffic,Federal Tort Claims Act/Admin/Traffic,,,,,,,0,,,4377.04,N
DHS - Federal Protection Service,Administrative Tort,,885-FPS-25,2026002972,260003502,2026-04-10,7500,28-USC-2672 Traffic,Federal Tort Claims Act/Admin/Traffic,,,,,,,0,,,7500,N
Customs and Border Protection,Administrative Tort,,ACC KML 25-01194,2026003050,260003319,2026-04-06,185,31-USC-3723,Small Claims Act,,,,,,,0,,,185,N
Customs and Border Protection,Administrative Tort,,MC-2025-03919,2026003047,260003410,2026-04-07,50000,28-USC-2672 Traffic,Federal Tort Claims Act/Admin/Traffic,,,,,,,0,,,50000,N
Customs and Border Protection,Administrative Tort,,ACC KML 25-01818,2026003077,260003583,2026-04-15,3205.29,28-USC-2672 Traffic,Federal Tort Claims Act/Admin/Traffic,,,,,,,0,,,3205.29,N
Customs and Border Protection,Administrative Tort,,SD-2025-00850 LST,2026003079,260003694,2026-04-20,5954.74,28-USC-2672 Traffic,Federal Tort Claims Act/Admin/Traffic,,,,,,,0,,,5954.74,N
Customs and Border Protection,Administrative Tort,,SF-2025-00220,2026003085,260003446,2026-04-08,40801,28-USC-2672 Traffic,Federal Tort Claims Act/Admin/Traffic,,,,,,,0,,,40801,N
Customs and Border Protection,Administrative Tort,,MC-2025-00770,2026003088,260003449,2026-04-08,27000,28-USC-2672 Traffic,Federal Tort Claims Act/Admin/Traffic,,,,,,,0,,,27000,N
Customs and Border Protection,Administrative Tort,,SD-2026-00303 GV,2026003118,260003672,2026-04-17,12457.3,28-USC-2672 Traffic,Federal Tort Claims Act/Admin/Traffic,,,,,,,0,,,12457.3,N
Customs and Border Protection,Administrative Tort,,TU:25-01179:CJL,2026003120,260003584,2026-04-15,24027.84,28-USC-2672 Traffic,Federal Tort Claims Act/Admin/Traffic,,,,,,,0,,,24027.84,N
Coast Guard,Administrative Tort,,26-LC-0002,2026003190,260003507,2026-04-13,9219.05,28-USC-2672 Traffic,Federal Tort Claims Act/Admin/Traffic,,,,,,,0,,,9219.05,N
Customs and Border Protection,Administrative Tort,,ACC KML 25-02238,2026003256,260003689,2026-04-20,7209.61,28-USC-2672 Traffic,Federal Tort Claims Act/Admin/Traffic,,,,,,,0,,,7209.61,N
Customs and Border Protection,Administrative Tort,,ACC KML 25-02221,2026003257,260003558,2026-04-15,2770,28-USC-2672 Traffic,Federal Tort Claims Act/Admin/Traffic,,,,,,,0,,,2770,N
Customs and Border Protection,Administrative Tort,,ACC KML 25-02243,2026003255,260003565,2026-04-15,5796.5,28-USC-2672 Traffic,Federal Tort Claims Act/Admin/Traffic,,,,,,,0,,,5796.5,N
Customs and Border Protection,Administrative Tort,,ACC KML 25-01909,2026003258,260003566,2026-04-15,2706.86,28-USC-2672 Traffic,Federal Tort Claims Act/Admin/Traffic,,,,,,,0,,,2706.86,N
DHS - Immigration  & Customs Enforcement (ICE),Administrative Tort,,3D5EC5D5,2026003287,260003577,2026-04-15,7014.85,28-USC-2672 Traffic,Federal Tort Claims Act/Admin/Traffic,,,,,,,0,,,7014.85,N
DHS - TSA  Trans. SEC. Admin.,Administrative Tort,,2022022474904,2026003324,260003809,2026-04-22,6500,28-USC-2672 Prop-Maint,Federal Tort Claims Act/Admin/Prop-Maint,,,,,,,0,,,6500,N
Customs and Border Protection,Administrative Tort,,ACC KML 25-02115,2026003322,260003808,2026-04-22,6343.22,28-USC-2672 Traffic,Federal Tort Claims Act/Admin/Traffic,,,,,,,0,,,6343.22,N
DHS - TSA  Trans. SEC. Admin.,Administrative Tort,,2024091089640,2026003327,260003724,2026-04-20,8120,28-USC-2672 Miscellany,Federal Tort Claims Act/Admin/Miscellany,,,,,,,0,,,8120,N
DHS - TSA  Trans. SEC. Admin.,Administrative Tort,,2023080882308,2026003431,260003811,2026-04-22,8827.5,28-USC-2672 Miscellany,Federal Tort Claims Act/Admin/Miscellany,,,,,,,0,,,8827.5,N
DHS - Immigration  & Customs Enforcement (ICE),Administrative Tort,,5A4BEA02,2026003443,260003805,2026-04-22,4771.51,28-USC-2672 Traffic,Federal Tort Claims Act/Admin/Traffic,,,,,,,0,,,4771.51,N
Customs and Border Protection,Administrative Tort,,SD-2024-00837 AS,2026003461,260003872,2026-04-23,32174,28-USC-2672 Miscellany,Federal Tort Claims Act/Admin/Miscellany,,,,,,,0,,,32174,N
Customs and Border Protection,Administrative Tort,,MC-2025-00771,2026003460,260003930,2026-04-27,10000,28-USC-2672 Traffic,Federal Tort Claims Act/Admin/Traffic,,,,,,,0,,,10000,N
DHS - Immigration  & Customs Enforcement (ICE),Administrative Tort,,90B596E9,2026003476,260003839,2026-04-23,4213.04,28-USC-2672 Traffic,Federal Tort Claims Act/Admin/Traffic,,,,,,,0,,,4213.04,N
DHS - Immigration  & Customs Enforcement (ICE),Administrative Tort,,9CD23A88,2026003474,260003749,2026-04-21,2576.5,28-USC-2672 Traffic,Federal Tort Claims Act/Admin/Traffic,,,,,,,0,,,2576.5,N
DHS - Immigration  & Customs Enforcement (ICE),Administrative Tort,,AB4BDF71,2026003495,260004675,2026-05-19,17876.84,28-USC-2672 Traffic,Federal Tort Claims Act/Admin/Traffic,,,,,,,0,,,17876.84,N
Customs and Border Protection,Administrative Tort,,DR-2024-00721,2026003614,260003926,2026-04-24,3226.04,28-USC-2672 Traffic,Federal Tort Claims Act/Admin/Traffic,,,,,,,0,,,3226.04,N
DHS - TSA  Trans. SEC. Admin.,Administrative Tort,,2025032792863,2026003631,260004621,2026-05-15,3766.88,28-USC-2672 Miscellany,Federal Tort Claims Act/Admin/Miscellany,,,,,,,0,,,3766.88,N
Coast Guard,Administrative Tort,,26-LC-0122,2026003658,260004015,2026-04-28,2748.04,28-USC-2672 Traffic,Federal Tort Claims Act/Admin/Traffic,,,,,,,0,,,2748.04,N
DHS - TSA  Trans. SEC. Admin.,Administrative Tort,,2023051280791,2026003681,260004555,2026-05-14,10000,28-USC-2672 Miscellany,Federal Tort Claims Act/Admin/Miscellany,,,,,,,0,,,10000,N
Customs and Border Protection,Administrative Tort,,SD-2025-00850 LST,2026003735,260004048,2026-04-29,13148.98,28-USC-2672 Traffic,Federal Tort Claims Act/Admin/Traffic,,,,,,,0,,,13148.98,N
Customs and Border Protection,Administrative Tort,,ACC KML 25-02002,2026003741,260004129,2026-05-01,3462.4,28-USC-2672 Traffic,Federal Tort Claims Act/Admin/Traffic,,,,,,,0,,,3462.4,N
Customs and Border Protection,Administrative Tort,,ACC KML 25-02391,2026003745,260004151,2026-05-04,1000,31-USC-3723,Small Claims Act,,,,,,,0,,,1000,N
Customs and Border Protection,Administrative Tort,,ACC KML 25-02205,2026003742,260004206,2026-05-05,17.99,31-USC-3723,Small Claims Act,,,,,,,0,,,17.99,N
Customs and Border Protection,Administrative Tort,,ACC KML 25-02241,2026003743,260004095,2026-04-30,627.84,31-USC-3723,Small Claims Act,,,,,,,0,,,627.84,N
Customs and Border Protection,Administrative Tort,,ACC KML 25-01661,2026003744,260004145,2026-05-04,6021.24,28-USC-2672 Traffic,Federal Tort Claims Act/Admin/Traffic,,,,,,,0,,,6021.24,N
Coast Guard,Administrative Tort,,26-LC-0049,2026003821,260004217,2026-05-05,14063.08,28-USC-2672 Traffic,Federal Tort Claims Act/Admin/Traffic,,,,,,,0,,,14063.08,N
Coast Guard,Administrative Tort,,26-LC-0075,2026003864,260004187,2026-05-05,4195.26,28-USC-2672 Traffic,Federal Tort Claims Act/Admin/Traffic,,,,,,,0,,,4195.26,N
DHS - TSA  Trans. SEC. Admin.,Administrative Tort,,2025011391655,2026003885,260004543,2026-05-14,4740.27,28-USC-2672 Miscellany,Federal Tort Claims Act/Admin/Miscellany,,,,,,,0,,,4740.27,N
DHS - Immigration  & Customs Enforcement (ICE),Administrative Tort,,27B89526,2026003945,260004307,2026-05-07,9294.94,28-USC-2672 Traffic,Federal Tort Claims Act/Admin/Traffic,,,,,,,0,,,9294.94,N
Customs and Border Protection,Administrative Tort,,DR-2026-00030,2026004029,260004408,2026-05-11,11235,28-USC-2672 Traffic,Federal Tort Claims Act/Admin/Traffic,,,,,,,0,,,11235,N
Secret Service at Homeland Security,Administrative Tort,,115-809-000233,2026004168,260004589,2026-05-15,2667.87,28-USC-2672 Traffic,Federal Tort Claims Act/Admin/Traffic,,,,,,,0,,,2667.87,N
Secret Service at Homeland Security,Administrative Tort,,115-810-000488,2026004169,260004569,2026-05-14,5046.45,28-USC-2672 Traffic,Federal Tort Claims Act/Admin/Traffic,,,,,,,0,,,5046.45,N
Secret Service at Homeland Security,Administrative Tort,,115-810-000502,2026004170,260004519,2026-05-13,5278.14,28-USC-2672 Traffic,Federal Tort Claims Act/Admin/Traffic,,,,,,,0,,,5278.14,N
DHS - TSA  Trans. SEC. Admin.,Administrative Tort,,2024091789775,2026004199,260005201,2026-06-09,4848.71,28-USC-2672 Traffic,Federal Tort Claims Act/Admin/Traffic,,,,,,,0,,,4848.71,N
Secret Service at Homeland Security,Administrative Tort,,115-810-000265,2026004203,260004592,2026-05-15,2767,28-USC-2672 Traffic,Federal Tort Claims Act/Admin/Traffic,,,,,,,0,,,2767,N
Secret Service at Homeland Security,Administrative Tort,,203-809-44559,2026004206,260004598,2026-05-15,23569.24,28-USC-2672 Traffic,Federal Tort Claims Act/Admin/Traffic,,,,,,,0,,,23569.24,N
Secret Service at Homeland Security,Administrative Tort,,315-809-000368,2026004205,260004626,2026-05-18,6713.83,28-USC-2672 Traffic,Federal Tort Claims Act/Admin/Traffic,,,,,,,0,,,6713.83,N
Secret Service at Homeland Security,Administrative Tort,,115-810-000265,2026004204,260004591,2026-05-15,50000,28-USC-2672 Traffic,Federal Tort Claims Act/Admin/Traffic,,,,,,,0,,,50000,N
Customs and Border Protection,Administrative Tort,,SF-2024-00470,2026004207,260006949,2026-08-10,24156.12,28-USC-2672 Traffic,Federal Tort Claims Act/Admin/Traffic,,,,,,,0,,,24156.12,N
DHS - Immigration  & Customs Enforcement (ICE),Administrative Tort,,DBFFCEFA,2026004322,260004926,2026-05-28,7536.54,28-USC-2672 Traffic,Federal Tort Claims Act/Admin/Traffic,,,,,,,0,,,7536.54,N
DHS - Immigration  & Customs Enforcement (ICE),Administrative Tort,,8E173D66,2026004347,260004723,2026-05-20,4017.04,28-USC-2672 Traffic,Federal Tort Claims Act/Admin/Traffic,,,,,,,0,,,4017.04,N
DHS - Immigration  & Customs Enforcement (ICE),Administrative Tort,,DD320A0B,2026004392,260004750,2026-05-21,7515.8,28-USC-2672 Traffic,Federal Tort Claims Act/Admin/Traffic,,,,,,,0,,,7515.8,N
DHS - Immigration  & Customs Enforcement (ICE),Administrative Tort,,138857E1,2026004393,260004763,2026-05-21,17381.37,28-USC-2672 Traffic,Federal Tort Claims Act/Admin/Traffic,,,,,,,0,,,17381.37,N
Customs and Border Protection,Administrative Tort,,TU-2025-01169,2026004425,260004916,2026-05-28,19367.5,28-USC-2672 Traffic,Federal Tort Claims Act/Admin/Traffic,,,,,,,0,,,19367.5,N
Customs and Border Protection,Administrative Tort,,SD-2025-01159,2026004421,260004839,2026-05-26,15283.64,28-USC-2672 Traffic,Federal Tort Claims Act/Admin/Traffic,,,,,,,0,,,15283.64,N
Secret Service at Homeland Security,Administrative Tort,,115-810-000306,2026004472,260004830,2026-05-26,20270.65,28-USC-2672 Traffic,Federal Tort Claims Act/Admin/Traffic,,,,,,,0,,,20270.65,N
Secret Service at Homeland Security,Administrative Tort,,115-810-000131,2026004474,260004861,2026-05-27,3520.6,28-USC-2672 Traffic,Federal Tort Claims Act/Admin/Traffic,,,,,,,0,,,3520.6,N
Secret Service at Homeland Security,Administrative Tort,,305-809-000269,2026004473,260004856,2026-05-27,3595.46,28-USC-2672 Traffic,Federal Tort Claims Act/Admin/Traffic,,,,,,,0,,,3595.46,N
Coast Guard,Administrative Tort,,25-LC-0292,2026004484,260004864,2026-05-27,3007.49,28-USC-2672 Traffic,Federal Tort Claims Act/Admin/Traffic,,,,,,,0,,,3007.49,N
Secret Service at Homeland Security,Administrative Tort,,115-810-000265,2026004551,260004888,2026-05-27,16057.1,28-USC-2672 Traffic,Federal Tort Claims Act/Admin/Traffic,,,,,,,0,,,16057.1,N
DHS - Immigration  & Customs Enforcement (ICE),Administrative Tort,,48DEC1E5,2026004561,260004929,2026-05-28,11324.64,28-USC-2672 Traffic,Federal Tort Claims Act/Admin/Traffic,,,,,,,0,,,11324.64,N
Secret Service at Homeland Security,Administrative Tort,,131-809-000393,2026004642,260005025,2026-06-02,2637.5,28-USC-2672 Traffic,Federal Tort Claims Act/Admin/Traffic,,,,,,,0,,,2637.5,N
Secret Service at Homeland Security,Administrative Tort,,25_0239,2026004862,260005311,2026-06-11,10250000,28-USC-2672 Miscellany,Federal Tort Claims Act/Admin/Miscellany,,,,,,,0,,,10250000,N
Secret Service at Homeland Security,Administrative Tort,,108-809-000545,2026004863,260005262,2026-06-10,3235.33,28-USC-2672 Traffic,Federal Tort Claims Act/Admin/Traffic,,,,,,,0,,,3235.33,N
Secret Service at Homeland Security,Administrative Tort,,101-809-000490,2026004986,260005356,2026-06-15,7765.14,28-USC-2672 Traffic,Federal Tort Claims Act/Admin/Traffic,,,,,,,0,,,7765.14,N
Homeland Security,Administrative Tort,,"MC-2020-01922, 01923, 01924",2026005020,260005424,2026-06-16,350000,28-USC-2672 Miscellany,Federal Tort Claims Act/Admin/Miscellany,,,,,,,0,,,350000,N
Coast Guard,Administrative Tort,,26-LC-0110,2026005021,260005431,2026-06-17,2727.72,28-USC-2672 Traffic,Federal Tort Claims Act/Admin/Traffic,,,,,,,0,,,2727.72,N
Homeland Security,Administrative Tort,,"EP-2020-00812, 00813",2026005049,260005427,2026-06-17,260000,28-USC-2672 Miscellany,Federal Tort Claims Act/Admin/Miscellany,,,,,,,0,,,260000,N
DHS - TSA  Trans. SEC. Admin.,Administrative Tort,,2025011491711,2026005068,260005914,2026-07-03,7082.14,28-USC-2672 Miscellany,Federal Tort Claims Act/Admin/Miscellany,,,,,,,0,,,7082.14,N
Customs and Border Protection,Administrative Tort,,ACC KML 26-00336,2026005075,260005563,2026-06-22,7920.47,28-USC-2672 Traffic,Federal Tort Claims Act/Admin/Traffic,,,,,,,0,,,7920.47,N
Customs and Border Protection,Administrative Tort,,ACC KML 25-02060,2026005084,260005664,2026-06-25,9126.98,28-USC-2672 Traffic,Federal Tort Claims Act/Admin/Traffic,,,,,,,0,,,9126.98,N
Customs and Border Protection,Administrative Tort,,ACC KML 26-00263,2026005080,260005829,2026-07-01,5767.47,28-USC-2672 Traffic,Federal Tort Claims Act/Admin/Traffic,,,,,,,0,,,5767.47,N
DHS - Federal Protection Service,Administrative Tort,,887-FPS-26,2026005092,260005463,2026-06-18,12047.3,28-USC-2672 Traffic,Federal Tort Claims Act/Admin/Traffic,,,,,,,0,,,12047.3,N
Secret Service at Homeland Security,Administrative Tort,,210-810-21690,2026005086,260005552,2026-06-22,7500,28-USC-2672 Traffic,Federal Tort Claims Act/Admin/Traffic,,,,,,,0,,,7500,N
Customs and Border Protection,Administrative Tort,,ACC KML 26-00446,2026005098,260006654,2026-07-29,5972.87,28-USC-2672 Traffic,Federal Tort Claims Act/Admin/Traffic,,,,,,,0,,,5972.87,N
Customs and Border Protection,Administrative Tort,,ACC KML 26-00610,2026005102,260005470,2026-06-18,6929.45,28-USC-2672 Traffic,Federal Tort Claims Act/Admin/Traffic,,,,,,,0,,,6929.45,N
Customs and Border Protection,Administrative Tort,,ACC KML 26-00512,2026005100,260005673,2026-06-25,4760.35,28-USC-2672 Traffic,Federal Tort Claims Act/Admin/Traffic,,,,,,,0,,,4760.35,N
Customs and Border Protection,Administrative Tort,,YU-2025-00330,2026005121,260005669,2026-06-25,17531,28-USC-2672 Traffic,Federal Tort Claims Act/Admin/Traffic,,,,,,,0,,,17531,N
Customs and Border Protection,Administrative Tort,,ACC KML 22-02032,2026005271,260005868,2026-07-02,2872.4,28-USC-2672 Traffic,Federal Tort Claims Act/Admin/Traffic,,,,,,,0,,,2872.4,N
Customs and Border Protection,Administrative Tort,,ACC KML 26-00338,2026005288,260005735,2026-06-29,5186.88,28-USC-2672 Traffic,Federal Tort Claims Act/Admin/Traffic,,,,,,,0,,,5186.88,N
Customs and Border Protection,Administrative Tort,,ACC KML 26-01630,2026005289,260005737,2026-06-29,4997.14,28-USC-2672 Traffic,Federal Tort Claims Act/Admin/Traffic,,,,,,,0,,,4997.14,N
Customs and Border Protection,Administrative Tort,,ACC KML 26-00330,2026005311,260005866,2026-07-02,2703.94,28-USC-2672 Traffic,Federal Tort Claims Act/Admin/Traffic,,,,,,,0,,,2703.94,N
Customs and Border Protection,Administrative Tort,,ACC KML 26-00251,2026005316,260005915,2026-07-03,114.58,31-USC-3723,Small Claims Act,,,,,,,0,,,114.58,N
DHS - TSA  Trans. SEC. Admin.,Administrative Tort,,2026021296490,2026005349,260005910,2026-07-03,3695.02,28-USC-2672 Miscellany,Federal Tort Claims Act/Admin/Miscellany,,,,,,,0,,,3695.02,N
DHS - TSA  Trans. SEC. Admin.,Administrative Tort,,2025061393725,2026005351,260005918,2026-07-03,2925.67,28-USC-2672 Miscellany,Federal Tort Claims Act/Admin/Miscellany,,,,,,,0,,,2925.67,N
DHS - TSA  Trans. SEC. Admin.,Administrative Tort,,2025021192196,2026005369,260005923,2026-07-06,4600,28-USC-2672 Miscellany,Federal Tort Claims Act/Admin/Miscellany,,,,,,,0,,,4600,N
DHS - TSA  Trans. SEC. Admin.,Administrative Tort,,2025052393483,2026005373,260005920,2026-07-03,3000,28-USC-2672 Miscellany,Federal Tort Claims Act/Admin/Miscellany,,,,,,,0,,,3000,N
DHS - TSA  Trans. SEC. Admin.,Administrative Tort,,2024010884946,2026005419,260005925,2026-07-03,3226,28-USC-2672 Miscellany,Federal Tort Claims Act/Admin/Miscellany,,,,,,,0,,,3226,N
Coast Guard,Administrative Tort,,26-LC-0108,2026005480,260005937,2026-07-03,3790.32,28-USC-2672 Traffic,Federal Tort Claims Act/Admin/Traffic,,,,,,,0,,,3790.32,N
Coast Guard,Administrative Tort,,25-LC-0277,2026005522,260006007,2026-07-07,10000,28-USC-2672 Traffic,Federal Tort Claims Act/Admin/Traffic,,,,,,,0,,,10000,N
Coast Guard,Administrative Tort,,25-LC-0228,2026005529,260006263,2026-07-15,4603.38,28-USC-2672 Traffic,Federal Tort Claims Act/Admin/Traffic,,,,,,,0,,,4603.38,N
Coast Guard,Administrative Tort,,24-LC-0272,2026005559,260006231,2026-07-14,10149.81,28-USC-2672 Traffic,Federal Tort Claims Act/Admin/Traffic,,,,,,,0,,,10149.81,N
Coast Guard,Administrative Tort,,25-LC-0048,2026005560,260006016,2026-07-08,13998.14,28-USC-2672 Traffic,Federal Tort Claims Act/Admin/Traffic,,,,,,,0,,,13998.14,N
Coast Guard,Administrative Tort,,25-LC-0077,2026005611,260006109,2026-07-13,5552.75,28-USC-2672 Traffic,Federal Tort Claims Act/Admin/Traffic,,,,,,,0,,,5552.75,N
DHS - TSA  Trans. SEC. Admin.,Administrative Tort,,2026011396120,2026005688,260006730,2026-07-30,3442.2,28-USC-2672 Miscellany,Federal Tort Claims Act/Admin/Miscellany,,,,,,,0,,,3442.2,N
Coast Guard,Administrative Tort,,26-LC-0126,2026005708,260006299,2026-07-16,5183.03,28-USC-2672 Miscellany,Federal Tort Claims Act/Admin/Miscellany,,,,,,,0,,,5183.03,N
Coast Guard,Administrative Tort,,25-LC-0114,2026005711,260006300,2026-07-16,5694.78,28-USC-2672 Traffic,Federal Tort Claims Act/Admin/Traffic,,,,,,,0,,,5694.78,N
Coast Guard,Administrative Tort,,25-LC-0138,2026005718,260006304,2026-07-16,12933.16,28-USC-2672 Traffic,Federal Tort Claims Act/Admin/Traffic,,,,,,,0,,,12933.16,N
DHS - Immigration  & Customs Enforcement (ICE),Administrative Tort,,84046E2B,2026005743,260006320,2026-07-16,7573.6,28-USC-2672 Traffic,Federal Tort Claims Act/Admin/Traffic,,,,,,,0,,,7573.6,N
DHS - Immigration  & Customs Enforcement (ICE),Administrative Tort,,EF264561,2026005757,260006339,2026-07-17,4578.85,28-USC-2672 Traffic,Federal Tort Claims Act/Admin/Traffic,,,,,,,0,,,4578.85,N
DHS - Immigration  & Customs Enforcement (ICE),Administrative Tort,,6C78E026,2026005772,260006341,2026-07-17,4352.6,28-USC-2672 Traffic,Federal Tort Claims Act/Admin/Traffic,,,,,,,0,,,4352.6,N
DHS - Immigration  & Customs Enforcement (ICE),Administrative Tort,,8B04BF19,2026005775,260006342,2026-07-17,3360.11,28-USC-2672 Traffic,Federal Tort Claims Act/Admin/Traffic,,,,,,,0,,,3360.11,N
DHS - Immigration  & Customs Enforcement (ICE),Administrative Tort,,FEE77FCB,2026005777,260006343,2026-07-17,4364.99,28-USC-2672 Traffic,Federal Tort Claims Act/Admin/Traffic,,,,,,,0,,,4364.99,N
DHS - Immigration  & Customs Enforcement (ICE),Administrative Tort,,D1499620,2026005808,260006433,2026-07-23,3280.98,28-USC-2672 Traffic,Federal Tort Claims Act/Admin/Traffic,,,,,,,0,,,3280.98,N
DHS - Immigration  & Customs Enforcement (ICE),Administrative Tort,,6DAFB13A,2026005813,260006435,2026-07-23,9354.68,28-USC-2672 Traffic,Federal Tort Claims Act/Admin/Traffic,,,,,,,0,,,9354.68,N
DHS - Immigration  & Customs Enforcement (ICE),Administrative Tort,,6DAFB13A,2026005816,260006382,2026-07-21,2750,28-USC-2672 Traffic,Federal Tort Claims Act/Admin/Traffic,,,,,,,0,,,2750,N
Customs and Border Protection,Administrative Tort,,ACC KML 25-02626,2026005836,260006533,2026-07-27,4243,28-USC-2672 Traffic,Federal Tort Claims Act/Admin/Traffic,,,,,,,0,,,4243,N
Customs and Border Protection,Administrative Tort,,ACC KML 25-02635,2026005840,260006695,2026-07-30,151.01,31-USC-3723,Small Claims Act,,,,,,,0,,,151.01,N
Customs and Border Protection,Administrative Tort,,ACC KML 26-00513,2026005833,260006531,2026-07-28,169.64,31-USC-3723,Small Claims Act,,,,,,,0,,,169.64,N
DHS - Immigration  & Customs Enforcement (ICE),Administrative Tort,,2F4E5152,2026005838,260006445,2026-07-23,8593.35,28-USC-2672 Traffic,Federal Tort Claims Act/Admin/Traffic,,,,,,,0,,,8593.35,N
Secret Service at Homeland Security,Administrative Tort,,3328097593,2026005843,260006446,2026-07-23,50000,28-USC-2672 Traffic,Federal Tort Claims Act/Admin/Traffic,,,,,,,0,,,50000,N
Secret Service at Homeland Security,Administrative Tort,,115-810-000376,2026005846,260006412,2026-07-22,7412.64,28-USC-2672 Traffic,Federal Tort Claims Act/Admin/Traffic,,,,,,,0,,,7412.64,N
Secret Service at Homeland Security,Administrative Tort,,21381000603,2026005862,260006951,2026-08-10,1000,28-USC-2672 Traffic,Federal Tort Claims Act/Admin/Traffic,,,,,,,0,,,1000,N
Secret Service at Homeland Security,Administrative Tort,,21381000603,2026005862,260006952,2026-08-10,21437.25,28-USC-2672 Traffic,Federal Tort Claims Act/Admin/Traffic,,,,,,,0,,,21437.25,N
Secret Service at Homeland Security,Administrative Tort,,115-809-000585,2026005886,260006901,2026-08-06,6507.46,28-USC-2672 Traffic,Federal Tort Claims Act/Admin/Traffic,,,,,,,0,,,6507.46,N
Secret Service at Homeland Security,Administrative Tort,,115-810-000311,2026005891,260006574,2026-07-27,40000,28-USC-2672 Traffic,Federal Tort Claims Act/Admin/Traffic,,,,,,,0,,,40000,N
Customs and Border Protection,Administrative Tort,,DR-2025-00179,2026005892,260006490,2026-07-24,14175,28-USC-2672 Aircrash,Federal Tort Claims AcAircrasht/Admin/Aircrash,,,,,,,0,,,14175,N
Customs and Border Protection,Administrative Tort,,ACC KML 25-00247,2026005889,260006486,2026-07-24,5562.56,28-USC-2672 Traffic,Federal Tort Claims Act/Admin/Traffic,,,,,,,0,,,5562.56,N
Secret Service at Homeland Security,Administrative Tort,,115-809-000585,2026005897,260006496,2026-07-24,6444,28-USC-2672 Traffic,Federal Tort Claims Act/Admin/Traffic,,,,,,,0,,,6444,N
Secret Service at Homeland Security,Administrative Tort,,108-809-307545,2026005898,260006431,2026-07-23,6934.59,28-USC-2672 Traffic,Federal Tort Claims Act/Admin/Traffic,,,,,,,0,,,6934.59,N
Secret Service at Homeland Security,Administrative Tort,,403-809-000569,2026005903,260006434,2026-07-23,7011.55,28-USC-2672 Traffic,Federal Tort Claims Act/Admin/Traffic,,,,,,,0,,,7011.55,N
DHS - Immigration  & Customs Enforcement (ICE),Administrative Tort,,A7C906DA,2026005920,260006497,2026-07-24,6669.28,28-USC-2672 Traffic,Federal Tort Claims Act/Admin/Traffic,,,,,,,0,,,6669.28,N
Customs and Border Protection,Administrative Tort,,NO-2026-00056,2026005931,260006877,2026-08-05,15254.03,28-USC-2672 Traffic,Federal Tort Claims Act/Admin/Traffic,,,,,,,0,,,15254.03,N
Secret Service at Homeland Security,Administrative Tort,,115-810-000443,2026005933,260006785,2026-08-03,15000,28-USC-2672 Traffic,Federal Tort Claims Act/Admin/Traffic,,,,,,,0,,,15000,N
Secret Service at Homeland Security,Administrative Tort,,115-810-000443,2026005935,260006794,2026-08-03,12000,28-USC-2672 Traffic,Federal Tort Claims Act/Admin/Traffic,,,,,,,0,,,12000,N
Secret Service at Homeland Security,Administrative Tort,,115-810-000443,2026005936,260006848,2026-08-04,12000,28-USC-2672 Traffic,Federal Tort Claims Act/Admin/Traffic,,,,,,,0,,,12000,N
Secret Service at Homeland Security,Administrative Tort,,115-810-000443,2026005934,260006896,2026-08-06,40000,28-USC-2672 Traffic,Federal Tort Claims Act/Admin/Traffic,,,,,,,0,,,40000,N
Secret Service at Homeland Security,Administrative Tort,,115-810-000443,2026005938,260006849,2026-08-04,3000,28-USC-2672 Traffic,Federal Tort Claims Act/Admin/Traffic,,,,,,,0,,,3000,N
Secret Service at Homeland Security,Administrative Tort,,108-809-308159,2026005958,260006647,2026-07-29,3164.03,28-USC-2672 Traffic,Federal Tort Claims Act/Admin/Traffic,,,,,,,0,,,3164.03,N
Secret Service at Homeland Security,Administrative Tort,,101-809-000664,2026005966,260006527,2026-07-27,7284.24,28-USC-2672 Traffic,Federal Tort Claims Act/Admin/Traffic,,,,,,,0,,,7284.24,N
Coast Guard,Administrative Tort,,26-LC-0072,2026005970,260006694,2026-07-30,4629.84,28-USC-2672 Traffic,Federal Tort Claims Act/Admin/Traffic,,,,,,,0,,,4629.84,N
DHS - Immigration  & Customs Enforcement (ICE),Administrative Tort,,2234645C,2026005981,260006520,2026-07-24,3341.51,28-USC-2672 Traffic,Federal Tort Claims Act/Admin/Traffic,,,,,,,0,,,3341.51,N
Coast Guard,Administrative Tort,,No. 26-11115-JEK,2026006054,260006822,2026-08-03,36000,28-USC-2672 Traffic,Federal Tort Claims Act/Admin/Traffic,,,,,,,0,,,36000,N
DHS - TSA  Trans. SEC. Admin.,Administrative Tort,,2025062793836,2026006058,260006988,2026-08-11,5127.88,28-USC-2672 Miscellany,Federal Tort Claims Act/Admin/Miscellany,,,,,,,0,,,5127.88,N
DHS - TSA  Trans. SEC. Admin.,Administrative Tort,,2025092695302,2026006069,260006718,2026-07-30,27000,28-USC-2672 Miscellany,Federal Tort Claims Act/Admin/Miscellany,,,,,,,0,,,27000,N
DHS - TSA  Trans. SEC. Admin.,Administrative Tort,,2025043093313,2026006084,260006819,2026-08-03,13663.8,28-USC-2672 Traffic,Federal Tort Claims Act/Admin/Traffic,,,,,,,0,,,13663.8,N
Coast Guard,Administrative Tort,,26-LC-0121,2026006142,260006717,2026-07-30,4948.87,28-USC-2672 Traffic,Federal Tort Claims Act/Admin/Traffic,,,,,,,0,,,4948.87,N
DHS - Immigration  & Customs Enforcement (ICE),Administrative Tort,,EAD838A1,2026006225,260006831,2026-08-03,15000,28-USC-2672 Traffic,Federal Tort Claims Act/Admin/Traffic,,,,,,,0,,,15000,N
DHS - Immigration  & Customs Enforcement (ICE),Administrative Tort,,1FBEC1E1,2026006237,260006828,2026-08-03,23229.03,28-USC-2672 Traffic,Federal Tort Claims Act/Admin/Traffic,,,,,,,0,,,23229.03,N
Customs and Border Protection,Administrative Tort,,ACC KML 26-00096,2026006307,260006961,2026-08-10,920.13,31-USC-3723,Small Claims Act,,,,,,,0,,,920.13,N
Customs and Border Protection,Administrative Tort,,ACC KML 25-02810,2026006306,260006968,2026-08-10,7304.87,28-USC-2672 Traffic,Federal Tort Claims Act/Admin/Traffic,,,,,,,0,,,7304.87,N
Customs and Border Protection,Administrative Tort,,ACC KML 25-02740,2026006305,260006973,2026-08-10,540.81,31-USC-3723,Small Claims Act,,,,,,,0,,,540.81,N
Customs and Border Protection,Administrative Tort,,ACC KML 25-01811,2026006304,260006971,2026-08-10,3761.5,28-USC-2672 Traffic,Federal Tort Claims Act/Admin/Traffic,,,,,,,0,,,3761.5,N
Customs and Border Protection,Administrative Tort,,ACC KML 26-00511,2026006316,260006915,2026-08-06,642.15,31-USC-3723,Small Claims Act,,,,,,,0,,,642.15,N
Customs and Border Protection,Administrative Tort,,ACC KML 26-00101,2026006315,260006928,2026-08-07,1000,31-USC-3723,Small Claims Act,,,,,,,0,,,1000,N
Customs and Border Protection,Administrative Tort,,ACC KML 26-00711,2026006318,260006922,2026-08-06,4848.15,28-USC-2672 Traffic,Federal Tort Claims Act/Admin/Traffic,,,,,,,0,,,4848.15,N
Customs and Border Protection,Administrative Tort,,ACC KML 26-00113,2026006317,260006912,2026-08-06,9000.13,28-USC-2672 Traffic,Federal Tort Claims Act/Admin/Traffic,,,,,,,0,,,9000.13,N
DHS - TSA  Trans. SEC. Admin.,Administrative Tort,,2025072294186,2026006341,260007409,2026-08-28,6283.87,28-USC-2672 Miscellany,Federal Tort Claims Act/Admin/Miscellany,,,,,,,0,,,6283.87,N
Federal Emergency Management Agency,Administrative Tort,,2025-7638,2026006350,260006998,2026-08-12,5951.23,28-USC-2672 Traffic,Federal Tort Claims Act/Admin/Traffic,,,,,,,0,,,5951.23,N
DHS - Federal Protection Service,Administrative Tort,,880-FPS-26,2026006360,260007216,2026-08-19,6700,28-USC-2672 Traffic,Federal Tort Claims Act/Admin/Traffic,,,,,,,0,,,6700,N
DHS - Immigration  & Customs Enforcement (ICE),Administrative Tort,,970C5C8E,2026006371,260007222,2026-08-20,6609.88,28-USC-2672 Traffic,Federal Tort Claims Act/Admin/Traffic,,,,,,,0,,,6609.88,N
Customs and Border Protection,Administrative Tort,,ACC KML 26-00694,2026006390,260006981,2026-08-11,618.38,31-USC-3723,Small Claims Act,,,,,,,0,,,618.38,N
DHS - Immigration  & Customs Enforcement (ICE),Administrative Tort,,1D9A5080,2026006424,260007032,2026-08-12,4177.56,28-USC-2672 Traffic,Federal Tort Claims Act/Admin/Traffic,,,,,,,0,,,4177.56,N
DHS - Immigration  & Customs Enforcement (ICE),Administrative Tort,,6897D492,2026006442,260007051,2026-08-13,5411.89,28-USC-2672 Traffic,Federal Tort Claims Act/Admin/Traffic,,,,,,,0,,,5411.89,N
Customs and Border Protection,Administrative Tort,,ACC KML 25-02639,2026006516,260007202,2026-08-19,9006.81,28-USC-2672 Traffic,Federal Tort Claims Act/Admin/Traffic,,,,,,,0,,,9006.81,N
Customs and Border Protection,Administrative Tort,,MC-2026-01119,2026006514,260007199,2026-08-19,10607.86,28-USC-2672 Traffic,Federal Tort Claims Act/Admin/Traffic,,,,,,,0,,,10607.86,N
DHS - Federal Protection Service,Administrative Tort,,945-FPS-26,2026006585,260007242,2026-08-21,2751.58,28-USC-2672 Traffic,Federal Tort Claims Act/Admin/Traffic,,,,,,,0,,,2751.58,N
Customs and Border Protection,Administrative Tort,,ACC KML 25-02187,2026006614,260007236,2026-08-20,5805.44,28-USC-2672 Traffic,Federal Tort Claims Act/Admin/Traffic,,,,,,,0,,,5805.44,N
DHS - TSA  Trans. SEC. Admin.,Administrative Tort,,2026010595928,2026006693,260007426,2026-08-28,3096.91,28-USC-2672 Miscellany,Federal Tort Claims Act/Admin/Miscellany,,,,,,,0,,,3096.91,N
Federal Emergency Management Agency,Administrative Tort,,2026-0155,2026006734,260007368,2026-08-26,6178,28-USC-2672 Traffic,Federal Tort Claims Act/Admin/Traffic,,,,,,,0,,,6178,N
