"","Var1","Freq"
"1","Aaron & Prince",1
"2","ABELARDO P. BERNAL ATTORNEY AT LAW",1
"3","Abrams Fensterman; LLP",1
"4","ACLU",1
"5","ACLU Foundation of Texas;Kirkland & Ellis LLP",1
"6","ACLU Foundation of Vermont;Center for Constitutional Rights;Gibson Dunn & Crutcher;National Center for Law & Economic;National Immigration Law Center",1
"7","ACLU Fund of Michigan",1
"8","ACLU MN",1
"9","ACLU of Missouri Foundation;Stinson LLP",1
"10","ACLU of New Mexico",2
"11","ACLU of NM",1
"12","Adler Giersch; P.S.",1
"13","AFNI",7
"14","Afni Subrogation",2
"15","AFNI Subrogation Department",1
"16","Al Otro Lado",2
"17","ALBERTO RODRIGUEZ ATTORNEY AT LAW",1
"18","ALCOCK & ASSOCIATES P.C.",1
"19","ALCOCK & ASSOCIATES; PC",1
"20","Alex L. Benedict & Associates",2
"21","Alex R. White PLLC",1
"22","Alford Law",2
"23","Alif A Williams",1
"24","Allied Interstate LLC",1
"25","Allstate Client Legal Services",1
"26","American Civil Liberties Union",1
"27","American Civil Liberties Union Foundation of Southern California",1
"28","Aminpour & Associates",1
"29","Aminpour & Associates APC",1
"30","Anidjar & Levine P.A.",1
"31","Ann G Fort",1
"32","Antezana & Antezana LLC MD Attorney",1
"33","Argyropoulos & Associates",1
"34","ARI Fleet",1
"35","Arlene Lombard Esq.",1
"36","Armstrong & Lee LLP",1
"37","ARNOLD & PORTER KAY SCHOLER LLP",1
"38","Arnold & Porter Kaye Scholer LLP",16
"39","ARNOLD & PORTER KAYE SCHOLER LLP",1
"40","Arnold &Porter Kaye Scholer LLP",1
"41","ATTICUS LAW PLLC",1
"42","Baer Law; LLC;Jason M Baer",1
"43","Baker & Hostetler",1
"44","Banes Horey Berman & Miller; LLC",1
"45","Bardizbanian & Associates; P.C.",1
"46","Barnett Porter & Dunn",1
"47","Barrera Law Firm",1
"48","Batta Fulkerson Law Group",1
"49","Batta Fulkerson, LLP",1
"50","Bauman Law APLC",1
"51","Beck; Payne; Frank & Piper; P.C.",1
"52","Beckham & Beckham, P.A.",1
"53","Benjamin N. Cardozo School of Law",1
"54","Benson Legal, APC",2
"55","Benson Legal; APC",2
"56","Bergman Bergman Fields & Lamonsoff, LLP",1
"57","Bernstein & Maryanoff Attorneys LLC",3
"58","Bernstein and Maryanoff; LLC",1
"59","Bieganowski Law Group",1
"60","Bilbao Law LLC",1
"61","Blank Kim",1
"62","Blank Kim Injury Law",2
"63","Blavatt & Blavatt LLC",1
"64","BLEAMAN LAW FIRM, P.C.",1
"65","Bolden & Bonfiglio; LLC",1
"66","Bonnici Law Group, APC",1
"67","Boutwell & Associates; LLC",1
"68","Bowman; Smith & Kallen",2
"69","Boyaki Law Firm",6
"70","Boyd Law Firm, LLC",1
"71","Bradley S Hartman",1
"72","Brett McCandlis Brown & Conner, PLLC",1
"73","Briggle & Polan; PLLC;Law Office of C. Ashley Callahan",1
"74","BROWN AND JOSEPH LLC DBA RECOVERY PARTNERS",1
"75","BROWN, GOLDSTEIN & LEVY LLP",1
"76","Butler; Quinn & Hochman; PLLC",1
"77","Byron L. Potts & Co.; LPA",1
"78","C. James  Williams",1
"79","Caldwell Law Firm",1
"80","Callison Tighe & Robinson; LLC",1
"81","Carabin & Shaw P.C.",2
"82","Cardenas Law Firm, LLC",2
"83","Carlson Law Firm",1
"84","Carlson Law Firm, P.C.",1
"85","Carpenter & Schmacher PC",1
"86","Carpenter & Schumacher P.C.",1
"87","Carpenter & Schumacher; P.C.",1
"88","CARPENTER & SCHUMACHER; P.C.",1
"89","Casey  Ford",1
"90","Cashion Gilmore & Lindemuth",1
"91","CCS Commercial LLC",2
"92","CCS COMMERCIAL LLC",1
"93","CCS Companies",1
"94","Cefali and Cefali",1
"95","CESAR OMELAS LAW",1
"96","Chavez Law Group",1
"97","Christian, Ashin, & Brown PC",1
"98","Claims Management Center",1
"99","Claims Resource Services",1
"100","Clark; Gagliardi & Miller; P.C.",2
"101","CLCMA",1
"102","Cleary Gottlieb Steen & Hamilton LLP",1
"103","Clerkin Sinclair & Mahfouz",1
"104","Clerkin Sinclair & Mahfouz LLP",3
"105","Clerkin Sinclair & Mahfouz, LLP",3
"106","CLERKIN SINCLAIR & MAHFOUZ; LLP",2
"107","Clerkin Sinclair and Mahfouz; LLP",1
"108","CLERKIN SINCLAIR MAHFOUZ LLP",1
"109","Clerkin, Sinclair & Mafouz, LLP",1
"110","Clerkin, Sinclair & Mahfouz",3
"111","Clerkin, SInclair & Mahfouz",1
"112","Clerkin, Sinclair & Mahfouz LLP",2
"113","CLERKIN, SINCLAIR & MAHFOUZ LLP",2
"114","Clerkin, Sinclair & Mahfouz, LLP",9
"115","Clerkin, Sinclair and Mahfouz, LLP",1
"116","Clerkin, Sinclair, & Mahfouz",1
"117","Clerkin, Sinclair, & Mahfouz, LLP",2
"118","Clerkin; Sinclair & Mahfouz",3
"119","CLERKIN; SINCLAIR & MAHFOUZ",1
"120","Clerkin; Sinclair & Mahfouz LLP",6
"121","Clerkin; Sinclair & Mahfouz; LLP",3
"122","CLERKIN; SINCLAIR & MAHFOUZ; LLP",1
"123","CLERKIN; SINCLAIR; & MAHFOUZ",1
"124","Clerkin; Sinclair; and Mahfouz LLP",3
"125","Clerkin; Sinclair; Mahfouz; LLP",1
"126","Cohn Lifland Esqs.",2
"127","Collins Law Team",1
"128","Conger Law, Inc.",1
"129","Conger Law;Law Office of Lien T. Tram;The Simon Law Group; LLP",3
"130","Constitution State Service",2
"131","Constitution State Services",1
"132","Cooney & Conway A Professional Corp.",1
"133","Corbett Rights P.C.",1
"134","Corbett Rights, P.C.",1
"135","Cordisco Saile LLC",1
"136","Corless Barfield Trial Group",1
"137","Cory Watson P.C.",1
"138","Costa Ivone LLC",1
"139","Covington & Burling LLP",1
"140","Coyle & Benoit, PLLC",1
"141","Crary; Clark & Domanico",1
"142","Critton, Luttier, Coleman",1
"143","Crowley Fleck; PLLP",1
"144","Curley Immigration Law PC LLO",1
"145","Cutlip Law Office",1
"146","D.W. Story & Associates",1
"147","D.W. STORY ASSOCIATES; INC",1
"148","D&W Law Group",2
"149","DAG Law Firm",1
"150","Daniel  Richardson",1
"151","David  Hicks;Law Office of Wonyoung Kim",1
"152","David F Baron",2
"153","DAVID M. PICCOLO PA",1
"154","DAVID M. PICCOLO; PA",1
"155","Davies Claims Solutions",1
"156","Davis & Santos PC",1
"157","Davis Law Firm",2
"158","Davis; Saperstein & Salomon; P.C.",1
"159","De Anda Law Firm",1
"160","de Anda Law Firm, PC",1
"161","De La Garza Law Firm",1
"162","De Luca Levine LLC",1
"163","Debevoise & Plimpton LLP",1
"164","Decolator, Cohen & Diprisco, LLP",1
"165","Del Barrio Law Group",1
"166","Dentons US LLP",1
"167","Derrevere; Stevens; Black and Cozad",1
"168","DESMARAIS LLP",1
"169","Detrick Law Office",1
"170","DICHEY GEIGER LLC",1
"171","Dicks & Workman; APC",1
"172","Disparti Law Group",1
"173","Ditchey Geiger LLC",1
"174","Ditchey Geiger, LLC",1
"175","Dominguez Law Firm",1
"176","Doran & Cawthorne PLLC",1
"177","Doran, Beam, & Farrell, P.A.",1
"178","Douglas B Price",1
"179","Douglas Knight & Associates",1
"180","DOUGLAS KNIGHT & ASSOCIATES",1
"181","Douglas R. Daum; Esq.",1
"182","Douglas; Knight & Associates",1
"183","Dreyer & Associates",13
"184","Dubo Law, LLC",1
"185","Durham Law Group; PC",1
"186","Eagle Eye Claims and Recovery",1
"187","Edelstein Martin & Nelson",1
"188","Edmond & Lindsay, LLP",1
"189","Edmond R Pietraczyk",2
"190","Edwin F. Mandel Legal Aid Clinic",1
"191","Ellenberg Law Group",2
"192","Ellis Law Corporation",1
"193","Ellis Legal P.C.",1
"194","Elrod Pop Law Firm P.A.",1
"195","Enriquez Law Firm",1
"196","Equian LLC",1
"197","Eric Roy Law Firm",1
"198","Erskine & Blackburn LLC",1
"199","Erskine & Blackburn LLP",1
"200","Everage Law Firm PLLC",1
"201","Excel Collision LLC",1
"202","Faraci Lange LLP",1
"203","Farah Law Group",3
"204","Farah Law Group, PLLC",1
"205","Felberbaum, Halbridge & Wirth",1
"206","Felberbaum; Halbridge & Wirth",1
"207","Felix Gonzalez Law Firm",1
"208","Ferruggia & Caslisto LLP",1
"209","Fish & Richardson  PC",1
"210","FLANAGAN & BODENHEIMER",1
"211","Fleet Response",1
"212","Flores Mendez P.C.",1
"213","Flores; Tawney & Acosta PC",1
"214","Foran Foran P.A.",1
"215","Foremost Insurance",1
"216","Foster & Mazzie LLC",1
"217","Fox Rothschild LLP",1
"218","Frank Garza Law Firm PLLC",1
"219","Franklin & Prokopik; PC",1
"220","Fraser & Souweidane PC",1
"221","Fratus Law Group",2
"222","FRATUS LAW GROUP",1
"223","Fratus Law Group, LLC",2
"224","Frenkel Lambert Weiss",1
"225","Fritz & Bianculli; LLC",1
"226","Fudge Nieto Stokes Law Firm PLLC",1
"227","Gaba Law Corporation",1
"228","Gallagher Bassett Recovery Account",1
"229","Gamez Law Firm",3
"230","GAMEZ LAW FIRM",1
"231","GANNON & ASSOCIATES",1
"232","Garcia & Villarreal; PLLC",1
"233","Gary Kornfield PA",1
"234","GARZA Law Firm",1
"235","Garza Martinez, PLLC",2
"236","Gavett; Datt & Barish PC",1
"237","Gelber & Santillo",1
"238","Gene S Hagood",4
"239","GERARDO  ARRIAGA",1
"240","GERARDO ARRIAGA",1
"241","Gezukarayan Law Firm",1
"242","Gibson Dunn and Crutcher; LLP",1
"243","Gibson, Dunn & Crutcher LLP",1
"244","GIBSON, DUNN & CRUTCHER LLP",1
"245","Gibson; Dunn and Crutcher LLP;Kesselman; Brantly; Stockinger LLP",1
"246","Gideon T Carter",1
"247","Gingery Hammer & Associates, LLP",1
"248","Glasheen Valles & Inderman",1
"249","Glasheen Valles & Inderman; LLP",1
"250","Glen Hunter Garrett LLC",1
"251","Glendale Injury Firm, APC",1
"252","GLP ATTORNEYS PS INC",1
"253","Gnau & Tamez Law Group",1
"254","Goldstein Buckley Cechman Rice & Purtz",1
"255","Goldstein, Buckley, Cechman, Rice, Purtz, Smith & Smith, P.A.",1
"256","Gomez Trial Attorneys",4
"257","GONZALEZ & ASSOCIATES P.C.",1
"258","Gonzalez, P.A.",1
"259","Gordon Feinblatt LLC",2
"260","Gorson & Gorson PC",1
"261","Gottreich Grace and Thompson",1
"262","GOWAN ELIZONDO LLP",2
"263","GOWAN LAW GROUP PC",1
"264","GRAY ROBINSON ATTORNEYS AT LAW",1
"265","Greater Boston Legal Services",1
"266","Greenberg Law; P.C.",1
"267","Greenblatt & Veliev; LLC",1
"268","GREENE ESPEL, PLLP",2
"269","Greenspoon Marder LLP",1
"270","Gregory Leyh P.C.",1
"271","Guercio & Guercio, LLP",1
"272","GUERRA LAW GROUP",1
"273","Guldjian Fasel Accident Attorneys",1
"274","Hagood & King, LLC",2
"275","Hagood & King; LLC",2
"276","Hall Law & Associates; LLC",1
"277","Handley Farah & Anderson, PLLC",1
"278","Hannah, Colvin & Pipes, LLP",1
"279","Hanson Bridgett LLP",2
"280","Harmon Linder & Rogowsky",2
"281","HARMONSON LAW FIRM PC",1
"282","Harris and Graves; P.A.",1
"283","Harris Personal Injury Lawyers; Inc.",1
"284","Harrison & Hart; LLC",1
"285","Haug Law Group; LLC",1
"286","HEATHER SARKES",1
"287","Helinski Law Offices",1
"288","Henness & Haight Attorneys",1
"289","Hernandez Law Group",1
"290","Herrman & Herrman; PLLC",2
"291","Herrman & Herrmann; PLLC",1
"292","HERRMAN AND HERRMAN PLLC",1
"293","Hinojosa Law, PLLC",1
"294","HIRSCH & LYON PLLC",1
"295","HKC Law Firm, PLLC",2
"296","HOLLAND & KNIGHT LLP",2
"297","Horton Village Law Group, APC",1
"298","Howell & Fisher, PLLC",1
"299","Humana Law Firm, PLLC",2
"300","Hurley Burish",1
"301","Hyatt & Goldbloom, LLC",2
"302","IGNACIO G. MARTINEZ LAW FIRM",2
"303","IMMIGRANT LEGAL DEFENSE",1
"304","INSURANCE SUBROGATION GROUP",1
"305","Iredale & Yoo, APC",1
"306","Iredale & Yoo; APC",2
"307","Iredale and Yoo APC",1
"308","Iredale and Yoo, APC,",1
"309","Iredale and Yoo; APC",2
"310","Ivie McNeill Wyatt Purcell & Diggs",1
"311","J. Andrew White & Associates",1
"312","J. Saenz & Associates PC",4
"313","Jabin & Fleming LLC",1
"314","Jackson Injury Firm, LLC",1
"315","Jacobs & Jacobs, LLC",1
"316","Jaime Alvarado and Associates, PLLC",1
"317","James E Cazalot",2
"318","James M. Kristof; P.S.",1
"319","JANICE  SHERMA",1
"320","JASON  SABA",2
"321","Jefferson Cannon",1
"322","Jeffrey A. Rothman",1
"323","Jeffrey A. Rothman Attorney at Law",1
"324","Jeffrey C. Jackson Attorney at Law",1
"325","Jeffrey R Becker Esq.",1
"326","Jeffrey Wise Tx Equal Access to Justice",1
"327","Jeffs & Jeffs, P.C.",1
"328","Jenner & Block LLP",1
"329","JEROME N. FRANK LEGAL SERVICES",1
"330","JEROME N. FRANK LEGAL SERVICES ORG",1
"331","JEROME N. FRANK LEGAL SERVICES ORG.",1
"332","Jetton & Meredith PLLC",1
"333","Jimenez; Hart & Mazzitelli; LLP",2
"334","JJ Law; LLC",1
"335","JNR Adjustment Company",1
"336","Joe A. Gamez Law Firm PC",1
"337","John A McQueeny",1
"338","John H Johnston",1
"339","JOHN R SOLIS LAW OFC",1
"340","JOHN R SOLIS LAW OFFICE",1
"341","JOHN SAENZ & ASSOCIATES PC",1
"342","Johnson Johnson Lucas & Middleton PC",1
"343","Jordan  Perez",1
"344","Joseph F Gmuca",1
"345","JS Civil Law Group dba Salvatore Prescot",1
"346","Kairys, Rudovsky, Messing, Feinberg & Lin LLP",2
"347","Kakalec Law",1
"348","Kakalec Law PLLC",7
"349","Kalfus & Nachman P.C.",1
"350","Karen Hoffman",2
"351","Karp, Wigodsky, Norwind Kudel & Gold",1
"352","Keil & Keil; PLLC",1
"353","Keis George LLP Attoneys at Law",1
"354","Keker Van Nest & Peters LLP",1
"355","KEKER, VAN NEST AND PETERS LLP",1
"356","Keller; Melchiorre; Walsh PLLC",1
"357","Kelly & Lyons PLLC",2
"358","Kenney & Medina, P.C.",1
"359","Kent Law PLC",2
"360","KGS Law PLLC",1
"361","Khalidi Law Firm PLLC",1
"362","Kids in Need of Defense",2
"363","Kids in Need of Defense (KIND)",4
"364","KIDS IN NEED OF DEFENSE INC",1
"365","Kids in Need of Defense, Inc.",1
"366","Kilpatrick Townsend & Stockton LLP",2
"367","KIND INC",1
"368","Kirkland & Ellis LLP",1
"369","Kisling, Nestico & Redick",1
"370","Klebanoff Attorneys; P. C.",1
"371","Klebanoff Attorneys; P.C.",1
"372","KMW",1
"373","Knickerbocker Heredia Salinas & Salinas",1
"374","KNICKERBOCKER HEREDIA SALINAS SALINAS PC",2
"375","Knickerbocker, Heredia, Salinas & Salinas, P.C.",1
"376","Kramer Levin Robbins Russell; LLP",1
"377","Kreizer Law",1
"378","Kuhrt; Fernia & Kuhrt; LLC",1
"379","Lapeze & Johns P.L.L.C.",1
"380","Lapeze & Johns PLLC",3
"381","LAPEZE & JOHNS PLLC",1
"382","Lapeze & Johns, P.L.L.C.",1
"383","Lapeze & Johns, PLLC",1
"384","LAPEZE & JOHNS; PLLC",1
"385","Lara Law Firm PLLC",1
"386","Larson Griffee & Pickett PLLC",2
"387","Latino Justice PRLDEF",1
"388","LatinoJustice PRLDEF",1
"389","Law Firm of Adele Faust",1
"390","Law Firm of Daniela Labinoti PC",1
"391","Law Firm of Javier Villarreal PLLC",1
"392","Law Firm of Oscar A. Garza",1
"393","LAW FIRM OF ROBERTO L. SANCHEZ",1
"394","LAW OF DOMINGO GARCIA LLP",1
"395","LAW OFC OF MICHAEL MILLER",2
"396","LAW OFC OF ROBERT DAVIS",1
"397","LAW OFC OF ROBT DAVIS",1
"398","Law Ofcs of Andrew Kasmer; P.C.",1
"399","Law Off of Robert Davis Jr PLLC",1
"400","Law Office of Adrian Chapa III; PLLC",1
"401","Law Office of Alex Martinez",2
"402","Law Office of Andrew C. Laufer; PLLC",1
"403","Law Office of Andy Nguyen",1
"404","Law Office of Attorney Kevin Roach",1
"405","Law Office of Benjamin Hahm",1
"406","Law Office of Brandon Sua",1
"407","Law Office of Brian Larsen",1
"408","Law Office of Cole D Sorenson PLLC",1
"409","Law Office of Daniel S. Simon",1
"410","Law Office of Daniel Yohalem",1
"411","Law Office of Doug Newborn",1
"412","Law Office of Duffin & Dibb; P.C.",1
"413","Law Office of Eric C. Awerkamp",3
"414","Law Office of Fidel L. Pena",1
"415","Law Office of Fidel L. Pena III",2
"416","Law Office of G. Gary Hanna",1
"417","Law Office of Gregory E. Johnsen",1
"418","Law Office of Hector J. Tamayo",1
"419","Law Office of Horacio Barraza",1
"420","Law Office of James E. Mahfood",1
"421","Law Office of Jan Meyer & Assoc.",1
"422","Law Office of Jan Meyer & Associates",1
"423","Law Office Of Jan Meyer Associates; P.C.",1
"424","Law Office of Jeff Tom, P.C.",1
"425","Law Office of Joel W. Black",1
"426","Law Office of John H. Currie",1
"427","Law Office of John R Solis",2
"428","Law Office of John Trop",1
"429","Law Office of Jordan P. Brewster",1
"430","Law office of Joseph M. McMullen",1
"431","LAW OFFICE OF JOSEPH MONAHAN",1
"432","LAW OFFICE OF JR RAMIREZ; PLLC",1
"433","LAW OFFICE OF JUAN ABRAHAM PAZ",2
"434","LAW OFFICE OF JUAN R ZAMORA",2
"435","LAW OFFICE OF KEVIN G. LITTLE",1
"436","Law Office of Lorre Sylvan Smith",1
"437","Law Office of Maridith E. Ramsey PLLC",1
"438","Law Office of Martie Garcia Vela, P.C.",1
"439","Law Office of Matthew Brekhus",1
"440","Law Office of Matthew Pare",1
"441","LAW OFFICE OF MICHAEL J. GOPIN",1
"442","Law office of Michael J. Gopin PLLC",1
"443","Law Office of Paul O'Dwyer,  P.C.",1
"444","Law Office of Paul O'Dwyer, P.C.",1
"445","Law Office of Paul Schofield; LLC",1
"446","Law Office of Raja Shahid",1
"447","Law Office of Ralph Ertz",1
"448","Law Office of Ricardo E Calderon",1
"449","Law Office of Ricardo M. Adobbati",1
"450","Law Office of Richard R. Klein & Associates",1
"451","LAW OFFICE OF ROBERT DAVIS; JR.",1
"452","Law Office of Ronald Yarris",1
"453","Law Office of Scott Seskin",1
"454","LAW OFFICE OF SERGIO LOZANO PLLC",1
"455","Law Office of Stefon A. Jones",1
"456","Law Office of Steven J. Jacobson",1
"457","Law Office of Thaddeus Hamilton; P.A.",1
"458","Law Office of Tiffany S. Craig",1
"459","LAW OFFICE OF VALDEZ & MONARREZ; PLLC",1
"460","Law Office of W. Bryant Green; III; P.C.",1
"461","Law Office of Wolf & Pravato",1
"462","Law Office of Yates & Schiller",1
"463","Law Office of Zef Mihilli",1
"464","Law Offices of Akudinobi and Ikonte",1
"465","Law Offices of Briggs and Briggs",1
"466","Law Offices of C. Bradley Hallen",1
"467","Law Offices of Chris Garcia, P.C.",1
"468","Law Offices of Conrad Bayelle and Assocs;Protas; Spivok & Collins; LLC",2
"469","Law Offices of Dale K. Galipo",1
"470","Law Offices of Darlene Rohr",1
"471","Law Offices of Dominic K. Afzali",1
"472","Law Offices of Douglas L Applegate",1
"473","Law Offices of Ezequiel Reyna Jr",1
"474","Law Offices of Fesner Petion, P.A.",1
"475","Law Offices of Gil Negrete",1
"476","Law Offices of Ian C. Malatesta",1
"477","Law Offices of Jan Meyer & Assoc",1
"478","Law Offices of Jan Meyer & Assoc. P.C.",1
"479","Law Offices of Jan Meyer & Associates",1
"480","Law Offices of Jan Meyer & Associates PC",2
"481","Law Offices of Jan Meyer Asso.",1
"482","Law Offices of Jan Meyer Associates",1
"483","Law Offices Of Jan Meyer Associates",1
"484","Law Offices of Jan Meyers & Asso. P.C.",1
"485","law Offices Of Jeremy W McKey",1
"486","Law Offices of Joel Atlas Skirble; PLLC",1
"487","Law Offices of Joel W. Black",2
"488","Law Offices of John Trop",2
"489","Law Offices of Jose Perez",1
"490","Law Offices of Joseph M McMullen",4
"491","Law Offices of Joseph M. McMullen",1
"492","Law Offices of Joseph Monahan PLLC",1
"493","Law Offices of Leigh E. Johnson; APC",1
"494","Law Offices of Magalski Schoenike & Mill",1
"495","LAW OFFICES OF MICHAEL J. GOPIN; PLLC",2
"496","LAW OFFICES OF MICHAEL MILLER PC",1
"497","Law Offices of Michael Miller; P.C.",1
"498","Law Offices of Michael Miller; PC",1
"499","Law Offices of Randall L. Kleinman",1
"500","Law Offices of Robert A Bartlett",1
"501","Law Offices of Robert L. Parks, P.L.",1
"502","Law Offices of Roberto Hernandez",1
"503","Law Offices of Roy D. Curnow",1
"504","LAW OFFICES OF SAMER HABBAS",1
"505","Law Offices of Samuel I. Kane; P.A.",1
"506","Law Offices of Stacy Tolchin",2
"507","Law Offices of Steven Boyd & John Elmore",1
"508","Law Offices of Thomas D. Jones; P.C.",2
"509","Law Offices of Weiss and Kopit LLC",1
"510","Lawfty Law; LLP",1
"511","Leav & Steinberg; LLP",1
"512","Legal Aid Justice Center",15
"513","Lerner & Rowe",1
"514","Lipton Legal Group; APC",1
"515","Loevy and Loevy",1
"516","Loncar Associates",1
"517","Lorenz & Lorenz LLP",1
"518","LOVETT LAW FIRM",1
"519","Lowenstein Sandler LLP",3
"520","Luretha Stribling LLC",1
"521","Lutz Shafranski Esqs.",1
"522","Lytal Reiter Smith Ivey & Fronrath LLP",1
"523","MacMillan Scholz Marks",1
"524","MacMillan, Scholz & Marks, LLC",1
"525","Maier Gutierrez & Associates",1
"526","Mallard & Sharp; P.A.",2
"527","Manatt, Phelps & Phillips, LLP",1
"528","Manibog Law, PC",1
"529","Marc A. Kaufman & Associates; P.A.",1
"530","Mario de la Garza PC",1
"531","Martinez & Associates PLLC",2
"532","Martinez Manglardi; P.A.",1
"533","Martinian & Associates; Inc",1
"534","Martinian and Associates; Inc.",1
"535","Mastagni Holstedt; A.P.C.",1
"536","Mathias Raphael PLLC",1
"537","Matthew P. Millea",1
"538","Matthews & Forester",1
"539","McCarthy & Soriero",1
"540","McDermott Will & Emery LLP",1
"541","McDonald McKenzie Rubin Miller & Lybrand",1
"542","McDonald; McKenzie; Rubin; Miller; and",1
"543","MCEVOY, DANIELS & DARCY PC",2
"544","McFadden Law Group; PC;",1
"545","MCKENRY DANCIGERS DAWSON P.C",1
"546","McKenry Dancigers Dawson PC",1
"547","McKenry Dancigers Dawson, P.C.",1
"548","McKenry Dancigers Dawson; PC",1
"549","Melvin N. Cade & Associates;Melvin N. Cade; Attorney at Law; IOLTA",1
"550","Mendez Isaac Joudi PLLC",1
"551","Merick Nepomuceno Law Firm",1
"552","Mestemaker; Straub & Zumwalt",1
"553","Meunier Carolin & Curfman",1
"554","Mexican American Legal Defense",2
"555","Michael Hingle & Associates; LLC",1
"556","Michael V. Caruso PC",1
"557","Milbank LLP",1
"558","Miller Canfield Paddock & Stone",1
"559","Miller Pitt Feldman & McAnally",1
"560","Miller, Canfield, Paddock and Stone, P.L.C.",1
"561","Miller, Canfield, Paddock and Stone, PLC",1
"562","Millilo & Grossman",1
"563","Miranda Morales Law Firm",1
"564","Mitchell & Shapiro LLP",1
"565","MOGY Law NC PLLC",1
"566","Monge and Associates",1
"567","Montes Law Group PC",1
"568","Morelli Law Firm",1
"569","Morgan & Morgan",1
"570","Morgan & Morgan, P.A.",1
"571","Morgan and Morgan",1
"572","Morgan, Lewis & Bockius LLP",2
"573","Morgan; Lewis; & Bockius LLP",1
"574","Morris Bart; LLC",1
"575","MORRIS COUNTY ORG FOR HISPANIC AFFAIRS",1
"576","Munch and Munch P.A.;Prugh and Associates; P.A.",1
"577","Munger, Tolles & Olson LLP",1
"578","Murphy Sanchez PLLC",1
"579","Nadalyn  Criner",1
"580","Nat'l Immigration Litigation Alliance",1
"581","National Commercial Services",1
"582","NATIONAL IMMIGRATION  PROJECT OF NLG",1
"583","National Immigration Project",1
"584","NATIONAL IMMIGRATION PROJECT OF NATIONAL LAWYERS GUILD, INC",2
"585","National Immigration Project of National Lawyers Guild, Inc.",1
"586","NATIONAL IMMIGRATION PROJECT OF NLG",3
"587","National Immigration Project of the National Lawyers Guild",1
"588","National Subrogation Services",1
"589","National Subrogation Services; LLP",1
"590","Nationwide Mutual Insurance Company",1
"591","Nava Law Group",1
"592","Nava Law Group PC",1
"593","NAVA LAW GROUP PC",1
"594","Nava Law Group; PC",2
"595","Neuwirth Law Office LLC",1
"596","Nevada Legal Group",1
"597","NEVAREZ LAW GROUP, PC",2
"598","Neve Webb; PLLC",1
"599","NEVEREZ LAW GROUP;NEVEREZ LAW GROUP CARM",1
"600","New York Legal Assistance Group",1
"601","NEW YORK LEGAL ASSISTANCE GROUP",1
"602","Nivinskus Law Firm",1
"603","Nivinskus Law Group",3
"604","NIVINSKUS LAW GROUP",1
"605","Northeast Justice Center LLC",1
"606","Northwest Immigrant Rights Project",8
"607","null",807
"608","O'Melveny & Meyers  LLP",2
"609","O'Melveny & Myers LLP",1
"610","O'MELVENY & MYERS LLP",2
"611","O'Melveny and Myers LLP",1
"612","O'Steen & Harrison, PLC",2
"613","Office of Perry D. Ellis PC;Shook; Hardy & Bacon",1
"614","Oregon Justice Resource Center",7
"615","Orendain & Dominguez",1
"616","Orlow; Orlow & Orlow; P.C.",1
"617","Orrick, Herrington & Sutcliffe LLP",2
"618","Oscar Garza Law Firm",1
"619","Owens Law Firm",1
"620","Oxford & Gonzalez",1
"621","Packard Law Firm",1
"622","Panish Shea & Boyle; LLP",2
"623","Pappas; Cox; Kimpel; Dodd & Levine; P.C.",1
"624","Paragon Subrogation Services, LLC",1
"625","Park Chenaur & Associates",1
"626","Parker; Young & Antinoff; LLC",1
"627","Parnall Law",1
"628","Pascale Stevens LLC;Pascale Stevens; LLC",1
"629","Patrick A. Davis, P.A.",1
"630","Paul Benson Law Firm",1
"631","Paul Krueger Law Firm PC",1
"632","Paul, Weiss, Rifkind, Wharton & Garrison LLP",1
"633","Paul,Weiss,Rifkind,Wharton, Garrison LLP",9
"634","Pennsylvania Instit; Law Project",1
"635","People's Law Project",2
"636","Perkins Coie LLP",4
"637","Pierce Sloan Kennedy & Early LLC",1
"638","Pietragallo Gordon Alfano Bosick & Raspanti, LLP",1
"639","Pillsbury Winthrop Shaw Pittman LLP",1
"640","PINCUS & LESPRON PLC",5
"641","PINCUS & LESPRON, PLC",1
"642","Pines Salomon Personal Injury Lawyers",1
"643","Pitt, McGehee, Palmer, Bonanni & Rivers",1
"644","Plotsky and Dougherty P.C.",1
"645","Plourd and Breeze",1
"646","Pollock Cohen LLP",1
"647","POPE & PENA PC;POPE & PENA PC ALVA",1
"648","Popick Law Firm",1
"649","Portner & Shure",1
"650","Powers & Sellers LLP",1
"651","Praxis Risk Services",1
"652","Praxis Risk Services, Inc.",1
"653","Premier Law Group;Premier Law Group McKn",1
"654","Premier Law Group;Premier Law Group Prat",1
"655","Preti Flaherty Beliveau and Pachios",1
"656","Price Benowitz; LLC",1
"657","Pro  Se",2
"658","Pro  Se;Pro Se",1
"659","Pro Se",2
"660","Professional Lawyers Group",2
"661","Public Counsel Law Center",1
"662","Quarles & Brady LLP",1
"663","Quarles & Brady, LLP",1
"664","Quinn Emanuel Urquhart & Sullivan, LLP",1
"665","Quinn L.L.C.",1
"666","R. Laws PLLC",1
"667","Rabb & Rabb PLLC",1
"668","Radford & Keebaugh LLC",1
"669","Rafael De La Garza",1
"670","Randall Page PC",1
"671","RATHBONE GROUP LLC",1
"672","Rathbone Group, LLC",2
"673","Rathbone Group; LLC",1
"674","RATHBONE GROUP; LLC FOR PROGRESSIVE",1
"675","RAWLINS LAW, APC",1
"676","Rawls; Scheer; Clary & Mingo; PLLC",1
"677","Recovery Partners",2
"678","Recovery Partners LLC",1
"679","Reese Law Group",2
"680","Reese Law Group, APLC",1
"681","REFUGEE & IMMIGRANT CENTER (RAICES)",1
"682","Refugee & Immigrant Center for Edu & Legal Services",8
"683","Refugee & Immigrant Center for Education & Legal Services",1
"684","Refugee and Immigrant Center for Education and Legal Resources (RAICES)",1
"685","Refugee and Immigrant Center for Education and Legal Services",5
"686","REFUGEE IMMIGRANT CENTER FOR EDUCATION",2
"687","Regan Zambri Long PLLC",2
"688","Reif & Hunsaker; P.C.",1
"689","Rensin & Rosenstein LLP",2
"690","Rensin & Rosenstein; LLP",1
"691","Rental Concepts Inc. dba Fleet Response",1
"692","Rental Concepts Inc. DBA Fleet Response",1
"693","Richard F. Silber; PLLC",1
"694","Rickner PLLC",1
"695","Riggs; Ellsworth & Porter",1
"696","Riojas Law Firm",1
"697","RITCHIE LAW GROUP PLLC",5
"698","Robert A Langendorf PC",1
"699","Robert J. DeBry & Associates",1
"700","ROBERT L. LOVETT",1
"701","ROBERT L. LOVETT; PC",1
"702","Robert Weber",1
"703","Robins Kaplan LLP",1
"704","Rocky McElhaney Law Firm",1
"705","Roderick C Lopez",1
"706","RODERICK C. LOPEZ P.C.",1
"707","Roeser Law Firm; PLLC",1
"708","Romanucci & Blandin LLC",1
"709","Ropes & Gray",5
"710","Ropes & Gray LLP",3
"711","Rosales Del Rosario, P.C.",1
"712","Rosalio  Munoz",1
"713","Rosalio Munoz",1
"714","Roy Jorgensen Associates",1
"715","RUBIO & ASSOCIATES PLLC",2
"716","Rubio & Associates; PLLC",1
"717","Rucker; Rucker & Aymett; P.C.",1
"718","Ruiz Law Firm PLLC",1
"719","Rukin Hyland & Riggin LLP",3
"720","Rupp Pfalzgraf LLC",1
"721","Russell and Hill. PLLC",1
"722","RUSTY HARDIN & ASSOCIATES",1
"723","RUSTY HARDIN & ASSOCIATES LLP",2
"724","RUSTY HARDINE & ASSOCIATES LLP",1
"725","Sacco & Fillas, LLP",1
"726","Saller Lord Ernstberger & Insley",1
"727","Sam Aguiar Injury Lawyers, PLLC",1
"728","Samuel I Kane",1
"729","SANTANNA LAW OFFICES",1
"730","Scherr & Legate",1
"731","Schiller Law/Jennifer Schiller LLC",1
"732","Schneider & Onofry",1
"733","Scholle Law",1
"734","Schuler; Halvorson",1
"735","Schwartz Roller LLP",1
"736","Scott Jay Senft, LLC",1
"737","Scott Pollock & Associates",1
"738","Scott Trial Lawyers APC",1
"739","Scott Trial Lawyers; APC",1
"740","Searcy Denny Scarola Barnhart & Shipley",1
"741","Second Look",2
"742","Second Look Inc",1
"743","SECOND LOOK, INC",1
"744","Sedgwick CMS",1
"745","Serafini, Michalowski, Derkacz & Assoc.",1
"746","SERGIO LOZANO ATTORNEY AT LAW",1
"747","SHAMIEH LAW; PLLC",1
"748","Sharon Horner & Associates, PLC",1
"749","Shiver, Hamiliton, Campbell, LLC",1
"750","Shumsky & Barkman, PLLC",1
"751","Sidley Austin LLP",2
"752","Siegel & Coonerty LLP",1
"753","Silva Injury Law Inc",1
"754","Simonian and Simonian; APLC",1
"755","Singleton Law Firm",1
"756","Singleton Law Firm; APC",1
"757","Singleton Schreiber, LLP",2
"758","Skadden, Arps, Slate, Meagher & Flom LLP",1
"759","Sklare Law Group",1
"760","Slocumb Law Firm",1
"761","Slocumb Law Firm LLC",1
"762","Slocumb Law Firm, LLC",1
"763","SMLPC Personal Injury",1
"764","Smouse and Mason; LLC",1
"765","Sniderman Law",1
"766","Southern Poverty Law Center",15
"767","Southern Poverty Law Center, Inc",1
"768","Spartan Recoveries LLC",1
"769","Spartan Recoveries; LLC",1
"770","Spears & Filipovits; LLC",1
"771","Spohrer & Dodd, PL",1
"772","Stachel & Associates, PC",1
"773","Stark & Stark",1
"774","State Farm Insurance",1
"775","Stathis & Leonardis, LLC",1
"776","Stein Sperling PC",1
"777","STEPHEN BOUTROS; LTD",1
"778","Stern Law Group",1
"779","Stitt Vu Trial Lawyers",1
"780","Stuart D. Markowitz; PC",1
"781","Stuart Eisenberg PC",1
"782","STUART-LIPPMAN & ASSOCIATES",1
"783","Subro Claims",4
"784","Subro Claims, Inc.",1
"785","Subro IQ National",1
"786","SubroClaims",4
"787","SUBROCLAIMS",1
"788","SubroClaims; Inc",1
"789","SubroIQ",1
"790","TALWAR LAW PLLC;TALWAR LAW PLLC DELA",3
"791","TALWAR LAW PLLC;TALWAR LAW PLLC DELA;TALWAR LAW PLLC11",1
"792","Tango Dickinson Lorenzo McDermott Esqs",1
"793","Temple Law School",1
"794","Temple University Beasley School of Law",2
"795","TERRY BRYANT PLLC",1
"796","Texas RioGrande Legal Aid; Inc",1
"797","The Arnsworth Law firm PLLC",1
"798","The Barrera Law Firm",3
"799","The Bonadies Law Firm",1
"800","THE CARLSON LAW FIRM; PC",1
"801","The Carter Law Firm",1
"802","The Cei Group",1
"803","The CEI Group; Inc.",1
"804","The Founders Law Firm",1
"805","THE GALVAN LAW FIRM; PLLC",1
"806","The Garner Law Firm",3
"807","The Green Law Firm P.C.",2
"808","The Green Law Firm PC",1
"809","The Green Law Firm; P.C.",1
"810","THE GREEN LAW FIRM; P.C.",1
"811","The Heald Law Firm; PLLC",1
"812","The J. Gonzalez Law Firm; PLLC",5
"813","The Jaklitsch Law Group",3
"814","The King Firm;LLC",1
"815","The Law Firm of Alan G. Molk",1
"816","The Law Firm of Ernesto Fuentes",1
"817","The Law office Jan Meyer",1
"818","The Law Office of Carissa Kranz",1
"819","The Law Office of Daniel M. Gonzales, PLLC",1
"820","THE LAW OFFICE OF DANIEL M. GONZALES, PLLC",1
"821","The Law Office of Gilberto Falcon, PLLC",1
"822","The Law Office of James A Lawrence",1
"823","The Law Office of Javier Martinez",1
"824","THE LAW OFFICE OF JOHN R. SOLIS",1
"825","The Law Office of Julianna Rivera, P.C.",1
"826","THE LAW OFFICE OF JULIANNA RIVERA, P.C.",1
"827","The Law Office of Paul A. Samakow",1
"828","The Law Office of William J. McCarthy",3
"829","The Law Offices of Julie R. Ulmet",2
"830","The Law Offices of Stephen E. Gertler",1
"831","The Lombardo Law Office",1
"832","The Nichols Law Group",1
"833","The Nielsen Law Firm PC",2
"834","The Noack Law Firm PLLC",1
"835","The Orr Firm",1
"836","The Pendergrass Law Firm",2
"837","The Potts Law Firm",1
"838","The Riddell Law Group",1
"839","The Ryles Firm",1
"840","The Strong Firm; PC",1
"841","The Todd Law Group PLLC",1
"842","The Valente Law Group",1
"843","The Valenzuela Law Firm",2
"844","The Verdecia Law Firm; LLC",1
"845","The Winters Law Group; LLC",1
"846","The Wozniak Law Group; PC",1
"847","Thomas George & Associates",2
"848","Thomas George Assocaites",1
"849","Thomas George Associates",7
"850","Thomas George Associates; LTD",1
"851","THOMAS J. HENRY LAW",2
"852","Thomas J. Henry Law PC",2
"853","Thomas Soileau Jackson & Cole LLP",1
"854","Thompson Law",1
"855","Thompson Legal; P.A.",1
"856","Tijerina Legal Group PC",3
"857","Timian & Fawcett LLC",1
"858","Tin, Fulton, Walker & Owen, PLLC",1
"859","Todd & Weld LLP",1
"860","Todd Miner Law",1
"861","Trapp & Geller",1
"862","TRIBAL FIRST",1
"863","Trinity/USG",1
"864","Tucker Law",1
"865","Tyler & Peery",1
"866","Tyler & Possa, APLC",1
"867","Uvalle Law Firm PLLC",1
"868","Velasquez Dolan, P.A.",1
"869","VENGROFF WILLIAMS INC",1
"870","Ventura Subrogation",1
"871","Victoria E Ames",1
"872","Vielledent & Associates; PLLC",1
"873","Vielma Law Firm, PLLC",1
"874","VILLARREAL & BEGUM MART",1
"875","Villarreal & Begum PLLC",1
"876","Vinson & Elkins LLP",2
"877","VINSON & ELKINS LLP",1
"878","Virginia Injury Law",1
"879","Virginia Law Foundation",1
"880","Vrdolyak Law Group; LLC",1
"881","Walter Clark Legal Group",1
"882","WALTER CLARK LEGAL GROUP",1
"883","WALTER CLARK LEGAL GROUP;WALTER CLARK LEGAL GROUP BUEN",1
"884","Warnock Mackinlay",1
"885","Warnock MacKinlay Law",2
"886","Wasden Banias LLC",1
"887","Wattel & York",1
"888","Weil Gotshal & Manges LLP",1
"889","WEIL, GOTSHAL & MANGES LLP",1
"890","Weinberg & Weinberg, LLP",1
"891","Weltman Weinberg & Reis Co LPA",1
"892","Whiteside & Goldberg; Ltd.",1
"893","Wilber",1
"894","Wilber & Associates",14
"895","WILBER & ASSOCIATES",2
"896","Wilber & Associates PC",1
"897","Wilber & Associates; P.C.",1
"898","Wilber and Associates",2
"899","Wilber Group",1
"900","WILLIAM J. MCCARTHY, PLLC",2
"901","William J. McCarthy; PLLC",1
"902","William Schwitzer & Asso, P.C.",1
"903","Williams & Connolly LLP",2
"904","WILLIAMS & CONNOLLY LLP",1
"905","WILMER CUTLER PICKERING HALE & DORR, LLP",1
"906","Wilson & Parlett",2
"907","Wilson Sonsini Goodrich & Rosati",1
"908","Windsor Troy",1
"909","Wolf Law; P.L.L.C.",1
"910","Wood Craig & Avery LLC",1
"911","Yale Law School",1
"912","Yates & Schiller, PA",2
"913","YATES & SCHILLER, PA",1
"914","Yates and Schiller",1
"915","Yeager and Pierson",1
"916","Yuan Jiang; P.C.",1
"917","Zachar Law Firm",1
"918","ZACHAR LAW FIRM PC",1
"919","Zarwin Baum Devito",1
